round,shortname,attackers,victims,firstBloodTeamId,firstBloodTimestamp
1,SeaOfHackerz,0,0,,
1,ArcaneLink,0,0,,
1,MaScroll-1,0,0,,
1,MaScroll-2,0,0,,
1,NorthernFiles,0,0,,
1,UberPendragon,0,0,,
2,SeaOfHackerz,0,0,,
2,ArcaneLink,0,0,,
2,MaScroll-1,0,0,,
2,MaScroll-2,0,0,,
2,NorthernFiles,0,0,,
2,UberPendragon,0,0,,
3,SeaOfHackerz,0,0,,
3,ArcaneLink,0,0,,
3,MaScroll-1,0,0,,
3,MaScroll-2,0,0,,
3,NorthernFiles,0,0,,
3,UberPendragon,0,0,,
4,SeaOfHackerz,0,0,,
4,ArcaneLink,0,0,,
4,MaScroll-1,0,0,,
4,MaScroll-2,0,0,,
4,NorthernFiles,0,0,,
4,UberPendragon,0,0,,
5,SeaOfHackerz,0,0,,
5,ArcaneLink,0,0,,
5,MaScroll-1,0,0,,
5,MaScroll-2,0,0,,
5,NorthernFiles,0,0,,
5,UberPendragon,0,0,,
6,SeaOfHackerz,0,0,,
6,ArcaneLink,0,0,,
6,MaScroll-1,0,0,,
6,MaScroll-2,0,0,,
6,NorthernFiles,0,0,,
6,UberPendragon,0,0,,
7,SeaOfHackerz,0,0,,
7,ArcaneLink,0,0,,
7,MaScroll-1,0,0,,
7,MaScroll-2,0,0,,
7,NorthernFiles,0,0,,
7,UberPendragon,0,0,,
8,SeaOfHackerz,0,0,,
8,ArcaneLink,0,0,,
8,MaScroll-1,0,0,,
8,MaScroll-2,0,0,,
8,NorthernFiles,0,0,,
8,UberPendragon,0,0,,
9,SeaOfHackerz,0,0,,
9,ArcaneLink,0,0,,
9,MaScroll-1,0,0,,
9,MaScroll-2,0,0,,
9,NorthernFiles,0,0,,
9,UberPendragon,0,0,,
10,SeaOfHackerz,0,0,,
10,ArcaneLink,0,0,,
10,MaScroll-1,0,0,,
10,MaScroll-2,0,0,,
10,NorthernFiles,0,0,,
10,UberPendragon,0,0,,
11,SeaOfHackerz,0,0,,
11,ArcaneLink,0,0,,
11,MaScroll-1,0,0,,
11,MaScroll-2,0,0,,
11,NorthernFiles,0,0,,
11,UberPendragon,0,0,,
12,SeaOfHackerz,0,0,,
12,ArcaneLink,0,0,,
12,MaScroll-1,0,0,,
12,MaScroll-2,0,0,,
12,NorthernFiles,0,0,,
12,UberPendragon,0,0,,
13,SeaOfHackerz,0,0,,
13,ArcaneLink,0,0,,
13,MaScroll-1,0,0,,
13,MaScroll-2,0,0,,
13,NorthernFiles,0,0,,
13,UberPendragon,0,0,,
14,SeaOfHackerz,0,0,,
14,ArcaneLink,0,0,,
14,MaScroll-1,0,0,,
14,MaScroll-2,0,0,,
14,NorthernFiles,0,0,,
14,UberPendragon,0,0,,
15,SeaOfHackerz,1,1,7,2023-08-03T16:38:51.493Z
15,ArcaneLink,0,0,,
15,MaScroll-1,0,0,,
15,MaScroll-2,0,0,,
15,NorthernFiles,0,0,,
15,UberPendragon,0,0,,
16,SeaOfHackerz,0,0,7,2023-08-03T16:38:51.493Z
16,ArcaneLink,0,0,,
16,MaScroll-1,0,0,,
16,MaScroll-2,0,0,,
16,NorthernFiles,0,0,,
16,UberPendragon,0,0,,
17,SeaOfHackerz,0,0,7,2023-08-03T16:38:51.493Z
17,ArcaneLink,0,0,,
17,MaScroll-1,0,0,,
17,MaScroll-2,0,0,,
17,NorthernFiles,0,0,,
17,UberPendragon,0,0,,
18,SeaOfHackerz,0,0,7,2023-08-03T16:38:51.493Z
18,ArcaneLink,0,0,,
18,MaScroll-1,0,0,,
18,MaScroll-2,0,0,,
18,NorthernFiles,0,0,,
18,UberPendragon,0,0,,
19,SeaOfHackerz,1,5,7,2023-08-03T16:38:51.493Z
19,ArcaneLink,0,0,,
19,MaScroll-1,0,0,,
19,MaScroll-2,0,0,,
19,NorthernFiles,0,0,,
19,UberPendragon,0,0,,
20,SeaOfHackerz,0,0,7,2023-08-03T16:38:51.493Z
20,ArcaneLink,0,0,,
20,MaScroll-1,0,0,,
20,MaScroll-2,0,0,,
20,NorthernFiles,0,0,,
20,UberPendragon,0,0,,
21,SeaOfHackerz,0,0,7,2023-08-03T16:38:51.493Z
21,ArcaneLink,0,0,,
21,MaScroll-1,0,0,,
21,MaScroll-2,0,0,,
21,NorthernFiles,0,0,,
21,UberPendragon,0,0,,
22,SeaOfHackerz,1,1,7,2023-08-03T16:38:51.493Z
22,ArcaneLink,0,0,,
22,MaScroll-1,0,0,,
22,MaScroll-2,0,0,,
22,NorthernFiles,0,0,,
22,UberPendragon,0,0,,
23,SeaOfHackerz,0,0,7,2023-08-03T16:38:51.493Z
23,ArcaneLink,0,0,,
23,MaScroll-1,0,0,,
23,MaScroll-2,0,0,,
23,NorthernFiles,0,0,,
23,UberPendragon,0,0,,
24,SeaOfHackerz,1,8,7,2023-08-03T16:38:51.493Z
24,ArcaneLink,0,0,,
24,MaScroll-1,0,0,,
24,MaScroll-2,0,0,,
24,NorthernFiles,0,0,,
24,UberPendragon,0,0,,
25,SeaOfHackerz,2,8,7,2023-08-03T16:38:51.493Z
25,ArcaneLink,0,0,,
25,MaScroll-1,0,0,,
25,MaScroll-2,0,0,,
25,NorthernFiles,0,0,,
25,UberPendragon,0,0,,
26,SeaOfHackerz,1,6,7,2023-08-03T16:38:51.493Z
26,ArcaneLink,0,0,,
26,MaScroll-1,0,0,,
26,MaScroll-2,0,0,,
26,NorthernFiles,0,0,,
26,UberPendragon,0,0,,
27,SeaOfHackerz,1,7,7,2023-08-03T16:38:51.493Z
27,ArcaneLink,0,0,,
27,MaScroll-1,0,0,,
27,MaScroll-2,0,0,,
27,NorthernFiles,0,0,,
27,UberPendragon,0,0,,
28,SeaOfHackerz,1,7,7,2023-08-03T16:38:51.493Z
28,ArcaneLink,0,0,,
28,MaScroll-1,0,0,,
28,MaScroll-2,0,0,,
28,NorthernFiles,0,0,,
28,UberPendragon,0,0,,
29,SeaOfHackerz,2,7,7,2023-08-03T16:38:51.493Z
29,ArcaneLink,0,0,,
29,MaScroll-1,0,0,,
29,MaScroll-2,0,0,,
29,NorthernFiles,0,0,,
29,UberPendragon,0,0,,
30,SeaOfHackerz,2,7,7,2023-08-03T16:38:51.493Z
30,ArcaneLink,0,0,,
30,MaScroll-1,0,0,,
30,MaScroll-2,0,0,,
30,NorthernFiles,0,0,,
30,UberPendragon,0,0,,
31,SeaOfHackerz,2,7,7,2023-08-03T16:38:51.493Z
31,ArcaneLink,0,0,,
31,MaScroll-1,0,0,,
31,MaScroll-2,0,0,,
31,NorthernFiles,0,0,,
31,UberPendragon,0,0,,
32,SeaOfHackerz,2,7,7,2023-08-03T16:38:51.493Z
32,ArcaneLink,0,0,,
32,MaScroll-1,0,0,,
32,MaScroll-2,0,0,,
32,NorthernFiles,0,0,,
32,UberPendragon,0,0,,
33,SeaOfHackerz,2,7,7,2023-08-03T16:38:51.493Z
33,ArcaneLink,0,0,,
33,MaScroll-1,0,0,,
33,MaScroll-2,0,0,,
33,NorthernFiles,0,0,,
33,UberPendragon,0,0,,
34,SeaOfHackerz,3,7,7,2023-08-03T16:38:51.493Z
34,ArcaneLink,0,0,,
34,MaScroll-1,0,0,,
34,MaScroll-2,0,0,,
34,NorthernFiles,0,0,,
34,UberPendragon,0,0,,
35,SeaOfHackerz,3,7,7,2023-08-03T16:38:51.493Z
35,ArcaneLink,0,0,,
35,MaScroll-1,0,0,,
35,MaScroll-2,0,0,,
35,NorthernFiles,0,0,,
35,UberPendragon,0,0,,
36,SeaOfHackerz,4,7,7,2023-08-03T16:38:51.493Z
36,ArcaneLink,0,0,,
36,MaScroll-1,0,0,,
36,MaScroll-2,0,0,,
36,NorthernFiles,0,0,,
36,UberPendragon,0,0,,
37,SeaOfHackerz,4,7,7,2023-08-03T16:38:51.493Z
37,ArcaneLink,0,0,,
37,MaScroll-1,0,0,,
37,MaScroll-2,0,0,,
37,NorthernFiles,0,0,,
37,UberPendragon,0,0,,
38,SeaOfHackerz,5,6,7,2023-08-03T16:38:51.493Z
38,ArcaneLink,0,0,,
38,MaScroll-1,0,0,,
38,MaScroll-2,0,0,,
38,NorthernFiles,0,0,,
38,UberPendragon,0,0,,
39,SeaOfHackerz,5,6,7,2023-08-03T16:38:51.493Z
39,ArcaneLink,0,0,,
39,MaScroll-1,0,0,,
39,MaScroll-2,0,0,,
39,NorthernFiles,0,0,,
39,UberPendragon,0,0,,
40,SeaOfHackerz,4,6,7,2023-08-03T16:38:51.493Z
40,ArcaneLink,0,0,,
40,MaScroll-1,0,0,,
40,MaScroll-2,0,0,,
40,NorthernFiles,0,0,,
40,UberPendragon,0,0,,
41,SeaOfHackerz,5,6,7,2023-08-03T16:38:51.493Z
41,ArcaneLink,0,0,,
41,MaScroll-1,0,0,,
41,MaScroll-2,0,0,,
41,NorthernFiles,0,0,,
41,UberPendragon,0,0,,
42,SeaOfHackerz,5,5,7,2023-08-03T16:38:51.493Z
42,ArcaneLink,0,0,,
42,MaScroll-1,0,0,,
42,MaScroll-2,0,0,,
42,NorthernFiles,0,0,,
42,UberPendragon,0,0,,
43,SeaOfHackerz,5,5,7,2023-08-03T16:38:51.493Z
43,ArcaneLink,0,0,,
43,MaScroll-1,0,0,,
43,MaScroll-2,0,0,,
43,NorthernFiles,0,0,,
43,UberPendragon,0,0,,
44,SeaOfHackerz,4,5,7,2023-08-03T16:38:51.493Z
44,ArcaneLink,0,0,,
44,MaScroll-1,0,0,,
44,MaScroll-2,0,0,,
44,NorthernFiles,0,0,,
44,UberPendragon,0,0,,
45,SeaOfHackerz,5,6,7,2023-08-03T16:38:51.493Z
45,ArcaneLink,0,0,,
45,MaScroll-1,0,0,,
45,MaScroll-2,0,0,,
45,NorthernFiles,0,0,,
45,UberPendragon,0,0,,
46,SeaOfHackerz,5,5,7,2023-08-03T16:38:51.493Z
46,ArcaneLink,0,0,,
46,MaScroll-1,0,0,,
46,MaScroll-2,0,0,,
46,NorthernFiles,0,0,,
46,UberPendragon,0,0,,
47,SeaOfHackerz,5,5,7,2023-08-03T16:38:51.493Z
47,ArcaneLink,0,0,,
47,MaScroll-1,0,0,,
47,MaScroll-2,0,0,,
47,NorthernFiles,0,0,,
47,UberPendragon,0,0,,
48,SeaOfHackerz,5,5,7,2023-08-03T16:38:51.493Z
48,ArcaneLink,0,0,,
48,MaScroll-1,0,0,,
48,MaScroll-2,0,0,,
48,NorthernFiles,0,0,,
48,UberPendragon,0,0,,
49,SeaOfHackerz,5,5,7,2023-08-03T16:38:51.493Z
49,ArcaneLink,0,0,,
49,MaScroll-1,0,0,,
49,MaScroll-2,0,0,,
49,NorthernFiles,0,0,,
49,UberPendragon,0,0,,
50,SeaOfHackerz,5,5,7,2023-08-03T16:38:51.493Z
50,ArcaneLink,0,0,,
50,MaScroll-1,0,0,,
50,MaScroll-2,0,0,,
50,NorthernFiles,0,0,,
50,UberPendragon,0,0,,
51,SeaOfHackerz,5,5,7,2023-08-03T16:38:51.493Z
51,ArcaneLink,0,0,,
51,MaScroll-1,0,0,,
51,MaScroll-2,0,0,,
51,NorthernFiles,0,0,,
51,UberPendragon,0,0,,
52,SeaOfHackerz,5,5,7,2023-08-03T16:38:51.493Z
52,ArcaneLink,0,0,,
52,MaScroll-1,0,0,,
52,MaScroll-2,0,0,,
52,NorthernFiles,0,0,,
52,UberPendragon,0,0,,
53,SeaOfHackerz,4,5,7,2023-08-03T16:38:51.493Z
53,ArcaneLink,0,0,,
53,MaScroll-1,0,0,,
53,MaScroll-2,0,0,,
53,NorthernFiles,0,0,,
53,UberPendragon,0,0,,
54,SeaOfHackerz,5,5,7,2023-08-03T16:38:51.493Z
54,ArcaneLink,0,0,,
54,MaScroll-1,0,0,,
54,MaScroll-2,0,0,,
54,NorthernFiles,0,0,,
54,UberPendragon,0,0,,
55,SeaOfHackerz,5,5,7,2023-08-03T16:38:51.493Z
55,ArcaneLink,0,0,,
55,MaScroll-1,0,0,,
55,MaScroll-2,0,0,,
55,NorthernFiles,0,0,,
55,UberPendragon,0,0,,
56,SeaOfHackerz,5,7,7,2023-08-03T16:38:51.493Z
56,ArcaneLink,0,0,,
56,MaScroll-1,0,0,,
56,MaScroll-2,0,0,,
56,NorthernFiles,0,0,,
56,UberPendragon,0,0,,
57,SeaOfHackerz,5,9,7,2023-08-03T16:38:51.493Z
57,ArcaneLink,0,0,,
57,MaScroll-1,0,0,,
57,MaScroll-2,0,0,,
57,NorthernFiles,0,0,,
57,UberPendragon,0,0,,
58,SeaOfHackerz,5,8,7,2023-08-03T16:38:51.493Z
58,ArcaneLink,0,0,,
58,MaScroll-1,0,0,,
58,MaScroll-2,0,0,,
58,NorthernFiles,0,0,,
58,UberPendragon,0,0,,
59,SeaOfHackerz,5,8,7,2023-08-03T16:38:51.493Z
59,ArcaneLink,0,0,,
59,MaScroll-1,0,0,,
59,MaScroll-2,0,0,,
59,NorthernFiles,0,0,,
59,UberPendragon,0,0,,
60,SeaOfHackerz,5,9,7,2023-08-03T16:38:51.493Z
60,ArcaneLink,0,0,,
60,MaScroll-1,0,0,,
60,MaScroll-2,0,0,,
60,NorthernFiles,0,0,,
60,UberPendragon,0,0,,
61,SeaOfHackerz,5,7,7,2023-08-03T16:38:51.493Z
61,ArcaneLink,0,0,,
61,MaScroll-1,0,0,,
61,MaScroll-2,0,0,,
61,NorthernFiles,0,0,,
61,UberPendragon,0,0,,
62,SeaOfHackerz,5,8,7,2023-08-03T16:38:51.493Z
62,ArcaneLink,0,0,,
62,MaScroll-1,0,0,,
62,MaScroll-2,0,0,,
62,NorthernFiles,0,0,,
62,UberPendragon,0,0,,
63,SeaOfHackerz,5,8,7,2023-08-03T16:38:51.493Z
63,ArcaneLink,0,0,,
63,MaScroll-1,0,0,,
63,MaScroll-2,0,0,,
63,NorthernFiles,0,0,,
63,UberPendragon,0,0,,
64,SeaOfHackerz,5,7,7,2023-08-03T16:38:51.493Z
64,ArcaneLink,0,0,,
64,MaScroll-1,0,0,,
64,MaScroll-2,0,0,,
64,NorthernFiles,0,0,,
64,UberPendragon,0,0,,
65,SeaOfHackerz,4,7,7,2023-08-03T16:38:51.493Z
65,ArcaneLink,0,0,,
65,MaScroll-1,0,0,,
65,MaScroll-2,0,0,,
65,NorthernFiles,0,0,,
65,UberPendragon,0,0,,
66,SeaOfHackerz,4,9,7,2023-08-03T16:38:51.493Z
66,ArcaneLink,0,0,,
66,MaScroll-1,0,0,,
66,MaScroll-2,0,0,,
66,NorthernFiles,0,0,,
66,UberPendragon,0,0,,
67,SeaOfHackerz,5,9,7,2023-08-03T16:38:51.493Z
67,ArcaneLink,0,0,,
67,MaScroll-1,0,0,,
67,MaScroll-2,0,0,,
67,NorthernFiles,0,0,,
67,UberPendragon,0,0,,
68,SeaOfHackerz,5,9,7,2023-08-03T16:38:51.493Z
68,ArcaneLink,0,0,,
68,MaScroll-1,0,0,,
68,MaScroll-2,0,0,,
68,NorthernFiles,0,0,,
68,UberPendragon,0,0,,
69,SeaOfHackerz,5,10,7,2023-08-03T16:38:51.493Z
69,ArcaneLink,0,0,,
69,MaScroll-1,0,0,,
69,MaScroll-2,0,0,,
69,NorthernFiles,0,0,,
69,UberPendragon,0,0,,
70,SeaOfHackerz,5,9,7,2023-08-03T16:38:51.493Z
70,ArcaneLink,0,0,,
70,MaScroll-1,0,0,,
70,MaScroll-2,0,0,,
70,NorthernFiles,0,0,,
70,UberPendragon,0,0,,
71,SeaOfHackerz,5,9,7,2023-08-03T16:38:51.493Z
71,ArcaneLink,0,0,,
71,MaScroll-1,0,0,,
71,MaScroll-2,0,0,,
71,NorthernFiles,0,0,,
71,UberPendragon,0,0,,
72,SeaOfHackerz,5,8,7,2023-08-03T16:38:51.493Z
72,ArcaneLink,0,0,,
72,MaScroll-1,0,0,,
72,MaScroll-2,0,0,,
72,NorthernFiles,0,0,,
72,UberPendragon,0,0,,
73,SeaOfHackerz,5,7,7,2023-08-03T16:38:51.493Z
73,ArcaneLink,0,0,,
73,MaScroll-1,0,0,,
73,MaScroll-2,0,0,,
73,NorthernFiles,0,0,,
73,UberPendragon,0,0,,
74,SeaOfHackerz,6,8,7,2023-08-03T16:38:51.493Z
74,ArcaneLink,0,0,,
74,MaScroll-1,0,0,,
74,MaScroll-2,0,0,,
74,NorthernFiles,0,0,,
74,UberPendragon,0,0,,
75,SeaOfHackerz,5,8,7,2023-08-03T16:38:51.493Z
75,ArcaneLink,0,0,,
75,MaScroll-1,0,0,,
75,MaScroll-2,0,0,,
75,NorthernFiles,0,0,,
75,UberPendragon,0,0,,
76,SeaOfHackerz,6,7,7,2023-08-03T16:38:51.493Z
76,ArcaneLink,0,0,,
76,MaScroll-1,0,0,,
76,MaScroll-2,0,0,,
76,NorthernFiles,0,0,,
76,UberPendragon,0,0,,
77,SeaOfHackerz,6,8,7,2023-08-03T16:38:51.493Z
77,ArcaneLink,0,0,,
77,MaScroll-1,0,0,,
77,MaScroll-2,0,0,,
77,NorthernFiles,0,0,,
77,UberPendragon,0,0,,
78,SeaOfHackerz,6,9,7,2023-08-03T16:38:51.493Z
78,ArcaneLink,0,0,,
78,MaScroll-1,0,0,,
78,MaScroll-2,0,0,,
78,NorthernFiles,0,0,,
78,UberPendragon,0,0,,
79,SeaOfHackerz,6,7,7,2023-08-03T16:38:51.493Z
79,ArcaneLink,0,0,,
79,MaScroll-1,0,0,,
79,MaScroll-2,0,0,,
79,NorthernFiles,0,0,,
79,UberPendragon,0,0,,
80,SeaOfHackerz,6,8,7,2023-08-03T16:38:51.493Z
80,ArcaneLink,0,0,,
80,MaScroll-1,0,0,,
80,MaScroll-2,0,0,,
80,NorthernFiles,0,0,,
80,UberPendragon,0,0,,
81,SeaOfHackerz,6,8,7,2023-08-03T16:38:51.493Z
81,ArcaneLink,0,0,,
81,MaScroll-1,0,0,,
81,MaScroll-2,1,1,6,2023-08-03T18:51:37.167Z
81,NorthernFiles,0,0,,
81,UberPendragon,0,0,,
82,SeaOfHackerz,6,8,7,2023-08-03T16:38:51.493Z
82,ArcaneLink,0,0,,
82,MaScroll-1,0,0,,
82,MaScroll-2,0,0,6,2023-08-03T18:51:37.167Z
82,NorthernFiles,0,0,,
82,UberPendragon,0,0,,
83,SeaOfHackerz,6,7,7,2023-08-03T16:38:51.493Z
83,ArcaneLink,0,0,,
83,MaScroll-1,0,0,,
83,MaScroll-2,0,0,6,2023-08-03T18:51:37.167Z
83,NorthernFiles,0,0,,
83,UberPendragon,0,0,,
84,SeaOfHackerz,6,7,7,2023-08-03T16:38:51.493Z
84,ArcaneLink,0,0,,
84,MaScroll-1,0,0,,
84,MaScroll-2,0,0,6,2023-08-03T18:51:37.167Z
84,NorthernFiles,0,0,,
84,UberPendragon,0,0,,
85,SeaOfHackerz,6,6,7,2023-08-03T16:38:51.493Z
85,ArcaneLink,0,0,,
85,MaScroll-1,0,0,,
85,MaScroll-2,0,0,6,2023-08-03T18:51:37.167Z
85,NorthernFiles,0,0,,
85,UberPendragon,0,0,,
86,SeaOfHackerz,6,6,7,2023-08-03T16:38:51.493Z
86,ArcaneLink,0,0,,
86,MaScroll-1,0,0,,
86,MaScroll-2,0,0,6,2023-08-03T18:51:37.167Z
86,NorthernFiles,0,0,,
86,UberPendragon,0,0,,
87,SeaOfHackerz,6,6,7,2023-08-03T16:38:51.493Z
87,ArcaneLink,0,0,,
87,MaScroll-1,0,0,,
87,MaScroll-2,0,0,6,2023-08-03T18:51:37.167Z
87,NorthernFiles,0,0,,
87,UberPendragon,0,0,,
88,SeaOfHackerz,6,6,7,2023-08-03T16:38:51.493Z
88,ArcaneLink,0,0,,
88,MaScroll-1,0,0,,
88,MaScroll-2,1,3,6,2023-08-03T18:51:37.167Z
88,NorthernFiles,0,0,,
88,UberPendragon,0,0,,
89,SeaOfHackerz,6,6,7,2023-08-03T16:38:51.493Z
89,ArcaneLink,0,0,,
89,MaScroll-1,0,0,,
89,MaScroll-2,1,3,6,2023-08-03T18:51:37.167Z
89,NorthernFiles,0,0,,
89,UberPendragon,0,0,,
90,SeaOfHackerz,6,6,7,2023-08-03T16:38:51.493Z
90,ArcaneLink,0,0,,
90,MaScroll-1,0,0,,
90,MaScroll-2,1,3,6,2023-08-03T18:51:37.167Z
90,NorthernFiles,0,0,,
90,UberPendragon,0,0,,
91,SeaOfHackerz,5,6,7,2023-08-03T16:38:51.493Z
91,ArcaneLink,0,0,,
91,MaScroll-1,0,0,,
91,MaScroll-2,1,3,6,2023-08-03T18:51:37.167Z
91,NorthernFiles,0,0,,
91,UberPendragon,0,0,,
92,SeaOfHackerz,5,6,7,2023-08-03T16:38:51.493Z
92,ArcaneLink,0,0,,
92,MaScroll-1,0,0,,
92,MaScroll-2,1,3,6,2023-08-03T18:51:37.167Z
92,NorthernFiles,0,0,,
92,UberPendragon,0,0,,
93,SeaOfHackerz,5,5,7,2023-08-03T16:38:51.493Z
93,ArcaneLink,0,0,,
93,MaScroll-1,0,0,,
93,MaScroll-2,1,3,6,2023-08-03T18:51:37.167Z
93,NorthernFiles,0,0,,
93,UberPendragon,0,0,,
94,SeaOfHackerz,4,5,7,2023-08-03T16:38:51.493Z
94,ArcaneLink,0,0,,
94,MaScroll-1,0,0,,
94,MaScroll-2,1,3,6,2023-08-03T18:51:37.167Z
94,NorthernFiles,0,0,,
94,UberPendragon,0,0,,
95,SeaOfHackerz,5,5,7,2023-08-03T16:38:51.493Z
95,ArcaneLink,0,0,,
95,MaScroll-1,0,0,,
95,MaScroll-2,1,3,6,2023-08-03T18:51:37.167Z
95,NorthernFiles,0,0,,
95,UberPendragon,0,0,,
96,SeaOfHackerz,5,5,7,2023-08-03T16:38:51.493Z
96,ArcaneLink,0,0,,
96,MaScroll-1,0,0,,
96,MaScroll-2,1,3,6,2023-08-03T18:51:37.167Z
96,NorthernFiles,0,0,,
96,UberPendragon,0,0,,
97,SeaOfHackerz,5,5,7,2023-08-03T16:38:51.493Z
97,ArcaneLink,0,0,,
97,MaScroll-1,0,0,,
97,MaScroll-2,1,3,6,2023-08-03T18:51:37.167Z
97,NorthernFiles,0,0,,
97,UberPendragon,0,0,,
98,SeaOfHackerz,5,5,7,2023-08-03T16:38:51.493Z
98,ArcaneLink,0,0,,
98,MaScroll-1,0,0,,
98,MaScroll-2,1,3,6,2023-08-03T18:51:37.167Z
98,NorthernFiles,0,0,,
98,UberPendragon,0,0,,
99,SeaOfHackerz,5,5,7,2023-08-03T16:38:51.493Z
99,ArcaneLink,0,0,,
99,MaScroll-1,0,0,,
99,MaScroll-2,1,3,6,2023-08-03T18:51:37.167Z
99,NorthernFiles,0,0,,
99,UberPendragon,0,0,,
100,SeaOfHackerz,5,5,7,2023-08-03T16:38:51.493Z
100,ArcaneLink,0,0,,
100,MaScroll-1,0,0,,
100,MaScroll-2,1,3,6,2023-08-03T18:51:37.167Z
100,NorthernFiles,0,0,,
100,UberPendragon,0,0,,
101,SeaOfHackerz,4,5,7,2023-08-03T16:38:51.493Z
101,ArcaneLink,0,0,,
101,MaScroll-1,0,0,,
101,MaScroll-2,1,3,6,2023-08-03T18:51:37.167Z
101,NorthernFiles,0,0,,
101,UberPendragon,0,0,,
102,SeaOfHackerz,5,5,7,2023-08-03T16:38:51.493Z
102,ArcaneLink,0,0,,
102,MaScroll-1,0,0,,
102,MaScroll-2,1,3,6,2023-08-03T18:51:37.167Z
102,NorthernFiles,0,0,,
102,UberPendragon,0,0,,
103,SeaOfHackerz,5,5,7,2023-08-03T16:38:51.493Z
103,ArcaneLink,0,0,,
103,MaScroll-1,0,0,,
103,MaScroll-2,1,3,6,2023-08-03T18:51:37.167Z
103,NorthernFiles,0,0,,
103,UberPendragon,0,0,,
104,SeaOfHackerz,4,5,7,2023-08-03T16:38:51.493Z
104,ArcaneLink,0,0,,
104,MaScroll-1,0,0,,
104,MaScroll-2,1,3,6,2023-08-03T18:51:37.167Z
104,NorthernFiles,0,0,,
104,UberPendragon,0,0,,
105,SeaOfHackerz,5,5,7,2023-08-03T16:38:51.493Z
105,ArcaneLink,0,0,,
105,MaScroll-1,0,0,,
105,MaScroll-2,1,3,6,2023-08-03T18:51:37.167Z
105,NorthernFiles,0,0,,
105,UberPendragon,0,0,,
106,SeaOfHackerz,5,5,7,2023-08-03T16:38:51.493Z
106,ArcaneLink,0,0,,
106,MaScroll-1,0,0,,
106,MaScroll-2,1,3,6,2023-08-03T18:51:37.167Z
106,NorthernFiles,0,0,,
106,UberPendragon,0,0,,
107,SeaOfHackerz,5,6,7,2023-08-03T16:38:51.493Z
107,ArcaneLink,0,0,,
107,MaScroll-1,0,0,,
107,MaScroll-2,1,3,6,2023-08-03T18:51:37.167Z
107,NorthernFiles,0,0,,
107,UberPendragon,0,0,,
108,SeaOfHackerz,5,6,7,2023-08-03T16:38:51.493Z
108,ArcaneLink,0,0,,
108,MaScroll-1,0,0,,
108,MaScroll-2,1,3,6,2023-08-03T18:51:37.167Z
108,NorthernFiles,0,0,,
108,UberPendragon,0,0,,
109,SeaOfHackerz,5,6,7,2023-08-03T16:38:51.493Z
109,ArcaneLink,0,0,,
109,MaScroll-1,0,0,,
109,MaScroll-2,1,3,6,2023-08-03T18:51:37.167Z
109,NorthernFiles,0,0,,
109,UberPendragon,0,0,,
110,SeaOfHackerz,4,6,7,2023-08-03T16:38:51.493Z
110,ArcaneLink,0,0,,
110,MaScroll-1,0,0,,
110,MaScroll-2,1,3,6,2023-08-03T18:51:37.167Z
110,NorthernFiles,0,0,,
110,UberPendragon,0,0,,
111,SeaOfHackerz,5,6,7,2023-08-03T16:38:51.493Z
111,ArcaneLink,0,0,,
111,MaScroll-1,0,0,,
111,MaScroll-2,1,3,6,2023-08-03T18:51:37.167Z
111,NorthernFiles,0,0,,
111,UberPendragon,0,0,,
112,SeaOfHackerz,5,5,7,2023-08-03T16:38:51.493Z
112,ArcaneLink,0,0,,
112,MaScroll-1,0,0,,
112,MaScroll-2,1,3,6,2023-08-03T18:51:37.167Z
112,NorthernFiles,0,0,,
112,UberPendragon,0,0,,
113,SeaOfHackerz,5,4,7,2023-08-03T16:38:51.493Z
113,ArcaneLink,0,0,,
113,MaScroll-1,0,0,,
113,MaScroll-2,1,3,6,2023-08-03T18:51:37.167Z
113,NorthernFiles,0,0,,
113,UberPendragon,0,0,,
114,SeaOfHackerz,5,6,7,2023-08-03T16:38:51.493Z
114,ArcaneLink,0,0,,
114,MaScroll-1,0,0,,
114,MaScroll-2,1,3,6,2023-08-03T18:51:37.167Z
114,NorthernFiles,0,0,,
114,UberPendragon,0,0,,
115,SeaOfHackerz,5,5,7,2023-08-03T16:38:51.493Z
115,ArcaneLink,0,0,,
115,MaScroll-1,1,3,4,2023-08-03T19:59:31.558Z
115,MaScroll-2,1,3,6,2023-08-03T18:51:37.167Z
115,NorthernFiles,0,0,,
115,UberPendragon,0,0,,
116,SeaOfHackerz,5,5,7,2023-08-03T16:38:51.493Z
116,ArcaneLink,0,0,,
116,MaScroll-1,1,3,4,2023-08-03T19:59:31.558Z
116,MaScroll-2,1,3,6,2023-08-03T18:51:37.167Z
116,NorthernFiles,0,0,,
116,UberPendragon,0,0,,
117,SeaOfHackerz,5,6,7,2023-08-03T16:38:51.493Z
117,ArcaneLink,0,0,,
117,MaScroll-1,1,3,4,2023-08-03T19:59:31.558Z
117,MaScroll-2,1,3,6,2023-08-03T18:51:37.167Z
117,NorthernFiles,0,0,,
117,UberPendragon,0,0,,
118,SeaOfHackerz,5,6,7,2023-08-03T16:38:51.493Z
118,ArcaneLink,0,0,,
118,MaScroll-1,1,3,4,2023-08-03T19:59:31.558Z
118,MaScroll-2,1,3,6,2023-08-03T18:51:37.167Z
118,NorthernFiles,0,0,,
118,UberPendragon,0,0,,
119,SeaOfHackerz,5,6,7,2023-08-03T16:38:51.493Z
119,ArcaneLink,0,0,,
119,MaScroll-1,1,3,4,2023-08-03T19:59:31.558Z
119,MaScroll-2,1,3,6,2023-08-03T18:51:37.167Z
119,NorthernFiles,0,0,,
119,UberPendragon,0,0,,
120,SeaOfHackerz,5,6,7,2023-08-03T16:38:51.493Z
120,ArcaneLink,0,0,,
120,MaScroll-1,1,3,4,2023-08-03T19:59:31.558Z
120,MaScroll-2,1,3,6,2023-08-03T18:51:37.167Z
120,NorthernFiles,0,0,,
120,UberPendragon,0,0,,
121,SeaOfHackerz,5,6,7,2023-08-03T16:38:51.493Z
121,ArcaneLink,0,0,,
121,MaScroll-1,1,3,4,2023-08-03T19:59:31.558Z
121,MaScroll-2,1,3,6,2023-08-03T18:51:37.167Z
121,NorthernFiles,0,0,,
121,UberPendragon,0,0,,
122,SeaOfHackerz,5,6,7,2023-08-03T16:38:51.493Z
122,ArcaneLink,0,0,,
122,MaScroll-1,1,6,4,2023-08-03T19:59:31.558Z
122,MaScroll-2,1,3,6,2023-08-03T18:51:37.167Z
122,NorthernFiles,0,0,,
122,UberPendragon,0,0,,
123,SeaOfHackerz,5,6,7,2023-08-03T16:38:51.493Z
123,ArcaneLink,0,0,,
123,MaScroll-1,1,6,4,2023-08-03T19:59:31.558Z
123,MaScroll-2,1,3,6,2023-08-03T18:51:37.167Z
123,NorthernFiles,0,0,,
123,UberPendragon,0,0,,
124,SeaOfHackerz,5,6,7,2023-08-03T16:38:51.493Z
124,ArcaneLink,0,0,,
124,MaScroll-1,1,6,4,2023-08-03T19:59:31.558Z
124,MaScroll-2,1,3,6,2023-08-03T18:51:37.167Z
124,NorthernFiles,0,0,,
124,UberPendragon,0,0,,
125,SeaOfHackerz,5,6,7,2023-08-03T16:38:51.493Z
125,ArcaneLink,0,0,,
125,MaScroll-1,1,6,4,2023-08-03T19:59:31.558Z
125,MaScroll-2,1,3,6,2023-08-03T18:51:37.167Z
125,NorthernFiles,0,0,,
125,UberPendragon,0,0,,
126,SeaOfHackerz,5,6,7,2023-08-03T16:38:51.493Z
126,ArcaneLink,0,0,,
126,MaScroll-1,1,6,4,2023-08-03T19:59:31.558Z
126,MaScroll-2,1,3,6,2023-08-03T18:51:37.167Z
126,NorthernFiles,0,0,,
126,UberPendragon,0,0,,
127,SeaOfHackerz,4,6,7,2023-08-03T16:38:51.493Z
127,ArcaneLink,0,0,,
127,MaScroll-1,1,6,4,2023-08-03T19:59:31.558Z
127,MaScroll-2,1,3,6,2023-08-03T18:51:37.167Z
127,NorthernFiles,0,0,,
127,UberPendragon,0,0,,
128,SeaOfHackerz,5,6,7,2023-08-03T16:38:51.493Z
128,ArcaneLink,0,0,,
128,MaScroll-1,1,6,4,2023-08-03T19:59:31.558Z
128,MaScroll-2,1,3,6,2023-08-03T18:51:37.167Z
128,NorthernFiles,0,0,,
128,UberPendragon,0,0,,
129,SeaOfHackerz,5,6,7,2023-08-03T16:38:51.493Z
129,ArcaneLink,0,0,,
129,MaScroll-1,1,6,4,2023-08-03T19:59:31.558Z
129,MaScroll-2,1,3,6,2023-08-03T18:51:37.167Z
129,NorthernFiles,0,0,,
129,UberPendragon,0,0,,
130,SeaOfHackerz,5,7,7,2023-08-03T16:38:51.493Z
130,ArcaneLink,0,0,,
130,MaScroll-1,1,6,4,2023-08-03T19:59:31.558Z
130,MaScroll-2,1,3,6,2023-08-03T18:51:37.167Z
130,NorthernFiles,0,0,,
130,UberPendragon,0,0,,
131,SeaOfHackerz,5,7,7,2023-08-03T16:38:51.493Z
131,ArcaneLink,0,0,,
131,MaScroll-1,1,6,4,2023-08-03T19:59:31.558Z
131,MaScroll-2,1,3,6,2023-08-03T18:51:37.167Z
131,NorthernFiles,0,0,,
131,UberPendragon,0,0,,
132,SeaOfHackerz,4,6,7,2023-08-03T16:38:51.493Z
132,ArcaneLink,0,0,,
132,MaScroll-1,1,6,4,2023-08-03T19:59:31.558Z
132,MaScroll-2,1,3,6,2023-08-03T18:51:37.167Z
132,NorthernFiles,0,0,,
132,UberPendragon,0,0,,
133,SeaOfHackerz,5,6,7,2023-08-03T16:38:51.493Z
133,ArcaneLink,0,0,,
133,MaScroll-1,1,6,4,2023-08-03T19:59:31.558Z
133,MaScroll-2,1,3,6,2023-08-03T18:51:37.167Z
133,NorthernFiles,0,0,,
133,UberPendragon,0,0,,
134,SeaOfHackerz,5,6,7,2023-08-03T16:38:51.493Z
134,ArcaneLink,0,0,,
134,MaScroll-1,1,6,4,2023-08-03T19:59:31.558Z
134,MaScroll-2,1,3,6,2023-08-03T18:51:37.167Z
134,NorthernFiles,0,0,,
134,UberPendragon,0,0,,
135,SeaOfHackerz,5,6,7,2023-08-03T16:38:51.493Z
135,ArcaneLink,0,0,,
135,MaScroll-1,1,6,4,2023-08-03T19:59:31.558Z
135,MaScroll-2,1,3,6,2023-08-03T18:51:37.167Z
135,NorthernFiles,0,0,,
135,UberPendragon,0,0,,
136,SeaOfHackerz,5,6,7,2023-08-03T16:38:51.493Z
136,ArcaneLink,0,0,,
136,MaScroll-1,1,5,4,2023-08-03T19:59:31.558Z
136,MaScroll-2,1,3,6,2023-08-03T18:51:37.167Z
136,NorthernFiles,0,0,,
136,UberPendragon,0,0,,
137,SeaOfHackerz,5,6,7,2023-08-03T16:38:51.493Z
137,ArcaneLink,0,0,,
137,MaScroll-1,1,6,4,2023-08-03T19:59:31.558Z
137,MaScroll-2,1,3,6,2023-08-03T18:51:37.167Z
137,NorthernFiles,0,0,,
137,UberPendragon,0,0,,
138,SeaOfHackerz,5,6,7,2023-08-03T16:38:51.493Z
138,ArcaneLink,0,0,,
138,MaScroll-1,1,6,4,2023-08-03T19:59:31.558Z
138,MaScroll-2,1,3,6,2023-08-03T18:51:37.167Z
138,NorthernFiles,0,0,,
138,UberPendragon,0,0,,
139,SeaOfHackerz,4,6,7,2023-08-03T16:38:51.493Z
139,ArcaneLink,0,0,,
139,MaScroll-1,1,6,4,2023-08-03T19:59:31.558Z
139,MaScroll-2,1,3,6,2023-08-03T18:51:37.167Z
139,NorthernFiles,0,0,,
139,UberPendragon,0,0,,
140,SeaOfHackerz,5,6,7,2023-08-03T16:38:51.493Z
140,ArcaneLink,1,1,4,2023-08-03T20:48:51.640Z
140,MaScroll-1,1,6,4,2023-08-03T19:59:31.558Z
140,MaScroll-2,1,3,6,2023-08-03T18:51:37.167Z
140,NorthernFiles,0,0,,
140,UberPendragon,0,0,,
141,SeaOfHackerz,5,6,7,2023-08-03T16:38:51.493Z
141,ArcaneLink,0,0,4,2023-08-03T20:48:51.640Z
141,MaScroll-1,1,6,4,2023-08-03T19:59:31.558Z
141,MaScroll-2,1,3,6,2023-08-03T18:51:37.167Z
141,NorthernFiles,0,0,,
141,UberPendragon,0,0,,
142,SeaOfHackerz,5,6,7,2023-08-03T16:38:51.493Z
142,ArcaneLink,0,0,4,2023-08-03T20:48:51.640Z
142,MaScroll-1,1,6,4,2023-08-03T19:59:31.558Z
142,MaScroll-2,1,3,6,2023-08-03T18:51:37.167Z
142,NorthernFiles,0,0,,
142,UberPendragon,0,0,,
143,SeaOfHackerz,6,6,7,2023-08-03T16:38:51.493Z
143,ArcaneLink,0,0,4,2023-08-03T20:48:51.640Z
143,MaScroll-1,1,6,4,2023-08-03T19:59:31.558Z
143,MaScroll-2,1,3,6,2023-08-03T18:51:37.167Z
143,NorthernFiles,0,0,,
143,UberPendragon,0,0,,
144,SeaOfHackerz,6,5,7,2023-08-03T16:38:51.493Z
144,ArcaneLink,0,0,4,2023-08-03T20:48:51.640Z
144,MaScroll-1,1,6,4,2023-08-03T19:59:31.558Z
144,MaScroll-2,1,3,6,2023-08-03T18:51:37.167Z
144,NorthernFiles,0,0,,
144,UberPendragon,0,0,,
145,SeaOfHackerz,5,6,7,2023-08-03T16:38:51.493Z
145,ArcaneLink,1,2,4,2023-08-03T20:48:51.640Z
145,MaScroll-1,1,6,4,2023-08-03T19:59:31.558Z
145,MaScroll-2,1,3,6,2023-08-03T18:51:37.167Z
145,NorthernFiles,0,0,,
145,UberPendragon,0,0,,
146,SeaOfHackerz,6,6,7,2023-08-03T16:38:51.493Z
146,ArcaneLink,0,0,4,2023-08-03T20:48:51.640Z
146,MaScroll-1,1,6,4,2023-08-03T19:59:31.558Z
146,MaScroll-2,1,3,6,2023-08-03T18:51:37.167Z
146,NorthernFiles,0,0,,
146,UberPendragon,0,0,,
147,SeaOfHackerz,6,6,7,2023-08-03T16:38:51.493Z
147,ArcaneLink,0,0,4,2023-08-03T20:48:51.640Z
147,MaScroll-1,1,5,4,2023-08-03T19:59:31.558Z
147,MaScroll-2,1,5,6,2023-08-03T18:51:37.167Z
147,NorthernFiles,0,0,,
147,UberPendragon,0,0,,
148,SeaOfHackerz,6,6,7,2023-08-03T16:38:51.493Z
148,ArcaneLink,1,1,4,2023-08-03T20:48:51.640Z
148,MaScroll-1,1,5,4,2023-08-03T19:59:31.558Z
148,MaScroll-2,1,2,6,2023-08-03T18:51:37.167Z
148,NorthernFiles,0,0,,
148,UberPendragon,0,0,,
149,SeaOfHackerz,5,6,7,2023-08-03T16:38:51.493Z
149,ArcaneLink,1,4,4,2023-08-03T20:48:51.640Z
149,MaScroll-1,1,2,4,2023-08-03T19:59:31.558Z
149,MaScroll-2,1,5,6,2023-08-03T18:51:37.167Z
149,NorthernFiles,0,0,,
149,UberPendragon,0,0,,
150,SeaOfHackerz,5,7,7,2023-08-03T16:38:51.493Z
150,ArcaneLink,1,3,4,2023-08-03T20:48:51.640Z
150,MaScroll-1,1,5,4,2023-08-03T19:59:31.558Z
150,MaScroll-2,1,5,6,2023-08-03T18:51:37.167Z
150,NorthernFiles,0,0,,
150,UberPendragon,0,0,,
151,SeaOfHackerz,6,6,7,2023-08-03T16:38:51.493Z
151,ArcaneLink,1,4,4,2023-08-03T20:48:51.640Z
151,MaScroll-1,1,5,4,2023-08-03T19:59:31.558Z
151,MaScroll-2,1,5,6,2023-08-03T18:51:37.167Z
151,NorthernFiles,0,0,,
151,UberPendragon,0,0,,
152,SeaOfHackerz,5,6,7,2023-08-03T16:38:51.493Z
152,ArcaneLink,1,4,4,2023-08-03T20:48:51.640Z
152,MaScroll-1,1,5,4,2023-08-03T19:59:31.558Z
152,MaScroll-2,1,8,6,2023-08-03T18:51:37.167Z
152,NorthernFiles,0,0,,
152,UberPendragon,0,0,,
153,SeaOfHackerz,6,6,7,2023-08-03T16:38:51.493Z
153,ArcaneLink,1,6,4,2023-08-03T20:48:51.640Z
153,MaScroll-1,1,4,4,2023-08-03T19:59:31.558Z
153,MaScroll-2,1,4,6,2023-08-03T18:51:37.167Z
153,NorthernFiles,0,0,,
153,UberPendragon,0,0,,
154,SeaOfHackerz,6,6,7,2023-08-03T16:38:51.493Z
154,ArcaneLink,1,6,4,2023-08-03T20:48:51.640Z
154,MaScroll-1,1,5,4,2023-08-03T19:59:31.558Z
154,MaScroll-2,1,4,6,2023-08-03T18:51:37.167Z
154,NorthernFiles,0,0,,
154,UberPendragon,0,0,,
155,SeaOfHackerz,6,6,7,2023-08-03T16:38:51.493Z
155,ArcaneLink,1,5,4,2023-08-03T20:48:51.640Z
155,MaScroll-1,1,5,4,2023-08-03T19:59:31.558Z
155,MaScroll-2,1,5,6,2023-08-03T18:51:37.167Z
155,NorthernFiles,0,0,,
155,UberPendragon,0,0,,
156,SeaOfHackerz,6,6,7,2023-08-03T16:38:51.493Z
156,ArcaneLink,1,6,4,2023-08-03T20:48:51.640Z
156,MaScroll-1,1,5,4,2023-08-03T19:59:31.558Z
156,MaScroll-2,1,5,6,2023-08-03T18:51:37.167Z
156,NorthernFiles,0,0,,
156,UberPendragon,0,0,,
157,SeaOfHackerz,6,6,7,2023-08-03T16:38:51.493Z
157,ArcaneLink,1,6,4,2023-08-03T20:48:51.640Z
157,MaScroll-1,1,5,4,2023-08-03T19:59:31.558Z
157,MaScroll-2,1,5,6,2023-08-03T18:51:37.167Z
157,NorthernFiles,0,0,,
157,UberPendragon,0,0,,
158,SeaOfHackerz,6,6,7,2023-08-03T16:38:51.493Z
158,ArcaneLink,1,6,4,2023-08-03T20:48:51.640Z
158,MaScroll-1,1,5,4,2023-08-03T19:59:31.558Z
158,MaScroll-2,1,5,6,2023-08-03T18:51:37.167Z
158,NorthernFiles,0,0,,
158,UberPendragon,0,0,,
159,SeaOfHackerz,6,6,7,2023-08-03T16:38:51.493Z
159,ArcaneLink,1,4,4,2023-08-03T20:48:51.640Z
159,MaScroll-1,1,5,4,2023-08-03T19:59:31.558Z
159,MaScroll-2,1,5,6,2023-08-03T18:51:37.167Z
159,NorthernFiles,0,0,,
159,UberPendragon,0,0,,
160,SeaOfHackerz,6,6,7,2023-08-03T16:38:51.493Z
160,ArcaneLink,1,6,4,2023-08-03T20:48:51.640Z
160,MaScroll-1,1,5,4,2023-08-03T19:59:31.558Z
160,MaScroll-2,1,5,6,2023-08-03T18:51:37.167Z
160,NorthernFiles,0,0,,
160,UberPendragon,1,3,4,2023-08-03T21:28:46.542Z
161,SeaOfHackerz,6,6,7,2023-08-03T16:38:51.493Z
161,ArcaneLink,1,6,4,2023-08-03T20:48:51.640Z
161,MaScroll-1,1,5,4,2023-08-03T19:59:31.558Z
161,MaScroll-2,1,5,6,2023-08-03T18:51:37.167Z
161,NorthernFiles,0,0,,
161,UberPendragon,1,8,4,2023-08-03T21:28:46.542Z
162,SeaOfHackerz,6,5,7,2023-08-03T16:38:51.493Z
162,ArcaneLink,1,6,4,2023-08-03T20:48:51.640Z
162,MaScroll-1,1,5,4,2023-08-03T19:59:31.558Z
162,MaScroll-2,1,5,6,2023-08-03T18:51:37.167Z
162,NorthernFiles,0,0,,
162,UberPendragon,1,7,4,2023-08-03T21:28:46.542Z
163,SeaOfHackerz,6,5,7,2023-08-03T16:38:51.493Z
163,ArcaneLink,1,5,4,2023-08-03T20:48:51.640Z
163,MaScroll-1,1,5,4,2023-08-03T19:59:31.558Z
163,MaScroll-2,1,5,6,2023-08-03T18:51:37.167Z
163,NorthernFiles,0,0,,
163,UberPendragon,1,7,4,2023-08-03T21:28:46.542Z
164,SeaOfHackerz,6,5,7,2023-08-03T16:38:51.493Z
164,ArcaneLink,1,5,4,2023-08-03T20:48:51.640Z
164,MaScroll-1,1,5,4,2023-08-03T19:59:31.558Z
164,MaScroll-2,1,5,6,2023-08-03T18:51:37.167Z
164,NorthernFiles,0,0,,
164,UberPendragon,1,7,4,2023-08-03T21:28:46.542Z
165,SeaOfHackerz,5,5,7,2023-08-03T16:38:51.493Z
165,ArcaneLink,1,7,4,2023-08-03T20:48:51.640Z
165,MaScroll-1,1,5,4,2023-08-03T19:59:31.558Z
165,MaScroll-2,1,5,6,2023-08-03T18:51:37.167Z
165,NorthernFiles,0,0,,
165,UberPendragon,1,7,4,2023-08-03T21:28:46.542Z
166,SeaOfHackerz,6,5,7,2023-08-03T16:38:51.493Z
166,ArcaneLink,1,8,4,2023-08-03T20:48:51.640Z
166,MaScroll-1,1,7,4,2023-08-03T19:59:31.558Z
166,MaScroll-2,1,5,6,2023-08-03T18:51:37.167Z
166,NorthernFiles,1,1,4,2023-08-03T21:40:06.511Z
166,UberPendragon,1,7,4,2023-08-03T21:28:46.542Z
167,SeaOfHackerz,6,5,7,2023-08-03T16:38:51.493Z
167,ArcaneLink,1,7,4,2023-08-03T20:48:51.640Z
167,MaScroll-1,1,7,4,2023-08-03T19:59:31.558Z
167,MaScroll-2,1,5,6,2023-08-03T18:51:37.167Z
167,NorthernFiles,1,3,4,2023-08-03T21:40:06.511Z
167,UberPendragon,1,7,4,2023-08-03T21:28:46.542Z
168,SeaOfHackerz,6,5,7,2023-08-03T16:38:51.493Z
168,ArcaneLink,1,7,4,2023-08-03T20:48:51.640Z
168,MaScroll-1,1,7,4,2023-08-03T19:59:31.558Z
168,MaScroll-2,1,5,6,2023-08-03T18:51:37.167Z
168,NorthernFiles,1,3,4,2023-08-03T21:40:06.511Z
168,UberPendragon,1,7,4,2023-08-03T21:28:46.542Z
169,SeaOfHackerz,6,5,7,2023-08-03T16:38:51.493Z
169,ArcaneLink,1,7,4,2023-08-03T20:48:51.640Z
169,MaScroll-1,1,7,4,2023-08-03T19:59:31.558Z
169,MaScroll-2,1,5,6,2023-08-03T18:51:37.167Z
169,NorthernFiles,1,6,4,2023-08-03T21:40:06.511Z
169,UberPendragon,1,7,4,2023-08-03T21:28:46.542Z
170,SeaOfHackerz,6,5,7,2023-08-03T16:38:51.493Z
170,ArcaneLink,1,6,4,2023-08-03T20:48:51.640Z
170,MaScroll-1,1,7,4,2023-08-03T19:59:31.558Z
170,MaScroll-2,1,5,6,2023-08-03T18:51:37.167Z
170,NorthernFiles,1,6,4,2023-08-03T21:40:06.511Z
170,UberPendragon,1,7,4,2023-08-03T21:28:46.542Z
171,SeaOfHackerz,5,5,7,2023-08-03T16:38:51.493Z
171,ArcaneLink,1,7,4,2023-08-03T20:48:51.640Z
171,MaScroll-1,1,7,4,2023-08-03T19:59:31.558Z
171,MaScroll-2,1,5,6,2023-08-03T18:51:37.167Z
171,NorthernFiles,1,6,4,2023-08-03T21:40:06.511Z
171,UberPendragon,1,7,4,2023-08-03T21:28:46.542Z
172,SeaOfHackerz,6,5,7,2023-08-03T16:38:51.493Z
172,ArcaneLink,1,7,4,2023-08-03T20:48:51.640Z
172,MaScroll-1,1,7,4,2023-08-03T19:59:31.558Z
172,MaScroll-2,1,6,6,2023-08-03T18:51:37.167Z
172,NorthernFiles,1,6,4,2023-08-03T21:40:06.511Z
172,UberPendragon,1,7,4,2023-08-03T21:28:46.542Z
173,SeaOfHackerz,5,5,7,2023-08-03T16:38:51.493Z
173,ArcaneLink,1,6,4,2023-08-03T20:48:51.640Z
173,MaScroll-1,1,7,4,2023-08-03T19:59:31.558Z
173,MaScroll-2,1,6,6,2023-08-03T18:51:37.167Z
173,NorthernFiles,1,6,4,2023-08-03T21:40:06.511Z
173,UberPendragon,1,7,4,2023-08-03T21:28:46.542Z
174,SeaOfHackerz,5,5,7,2023-08-03T16:38:51.493Z
174,ArcaneLink,1,5,4,2023-08-03T20:48:51.640Z
174,MaScroll-1,1,7,4,2023-08-03T19:59:31.558Z
174,MaScroll-2,1,6,6,2023-08-03T18:51:37.167Z
174,NorthernFiles,1,6,4,2023-08-03T21:40:06.511Z
174,UberPendragon,1,7,4,2023-08-03T21:28:46.542Z
175,SeaOfHackerz,6,5,7,2023-08-03T16:38:51.493Z
175,ArcaneLink,1,6,4,2023-08-03T20:48:51.640Z
175,MaScroll-1,1,5,4,2023-08-03T19:59:31.558Z
175,MaScroll-2,1,5,6,2023-08-03T18:51:37.167Z
175,NorthernFiles,2,6,4,2023-08-03T21:40:06.511Z
175,UberPendragon,1,5,4,2023-08-03T21:28:46.542Z
176,SeaOfHackerz,6,5,7,2023-08-03T16:38:51.493Z
176,ArcaneLink,1,5,4,2023-08-03T20:48:51.640Z
176,MaScroll-1,1,6,4,2023-08-03T19:59:31.558Z
176,MaScroll-2,1,5,6,2023-08-03T18:51:37.167Z
176,NorthernFiles,2,6,4,2023-08-03T21:40:06.511Z
176,UberPendragon,1,7,4,2023-08-03T21:28:46.542Z
177,SeaOfHackerz,6,5,7,2023-08-03T16:38:51.493Z
177,ArcaneLink,1,7,4,2023-08-03T20:48:51.640Z
177,MaScroll-1,1,5,4,2023-08-03T19:59:31.558Z
177,MaScroll-2,1,5,6,2023-08-03T18:51:37.167Z
177,NorthernFiles,2,9,4,2023-08-03T21:40:06.511Z
177,UberPendragon,1,7,4,2023-08-03T21:28:46.542Z
178,SeaOfHackerz,6,5,7,2023-08-03T16:38:51.493Z
178,ArcaneLink,1,7,4,2023-08-03T20:48:51.640Z
178,MaScroll-1,1,5,4,2023-08-03T19:59:31.558Z
178,MaScroll-2,1,6,6,2023-08-03T18:51:37.167Z
178,NorthernFiles,2,9,4,2023-08-03T21:40:06.511Z
178,UberPendragon,1,7,4,2023-08-03T21:28:46.542Z
179,SeaOfHackerz,6,5,7,2023-08-03T16:38:51.493Z
179,ArcaneLink,1,7,4,2023-08-03T20:48:51.640Z
179,MaScroll-1,1,5,4,2023-08-03T19:59:31.558Z
179,MaScroll-2,1,6,6,2023-08-03T18:51:37.167Z
179,NorthernFiles,2,8,4,2023-08-03T21:40:06.511Z
179,UberPendragon,1,7,4,2023-08-03T21:28:46.542Z
180,SeaOfHackerz,6,5,7,2023-08-03T16:38:51.493Z
180,ArcaneLink,1,7,4,2023-08-03T20:48:51.640Z
180,MaScroll-1,1,5,4,2023-08-03T19:59:31.558Z
180,MaScroll-2,1,6,6,2023-08-03T18:51:37.167Z
180,NorthernFiles,2,8,4,2023-08-03T21:40:06.511Z
180,UberPendragon,1,6,4,2023-08-03T21:28:46.542Z
181,SeaOfHackerz,6,5,7,2023-08-03T16:38:51.493Z
181,ArcaneLink,1,7,4,2023-08-03T20:48:51.640Z
181,MaScroll-1,1,4,4,2023-08-03T19:59:31.558Z
181,MaScroll-2,1,6,6,2023-08-03T18:51:37.167Z
181,NorthernFiles,2,7,4,2023-08-03T21:40:06.511Z
181,UberPendragon,1,7,4,2023-08-03T21:28:46.542Z
182,SeaOfHackerz,6,5,7,2023-08-03T16:38:51.493Z
182,ArcaneLink,1,6,4,2023-08-03T20:48:51.640Z
182,MaScroll-1,1,4,4,2023-08-03T19:59:31.558Z
182,MaScroll-2,1,6,6,2023-08-03T18:51:37.167Z
182,NorthernFiles,2,7,4,2023-08-03T21:40:06.511Z
182,UberPendragon,1,7,4,2023-08-03T21:28:46.542Z
183,SeaOfHackerz,5,5,7,2023-08-03T16:38:51.493Z
183,ArcaneLink,1,6,4,2023-08-03T20:48:51.640Z
183,MaScroll-1,1,4,4,2023-08-03T19:59:31.558Z
183,MaScroll-2,1,6,6,2023-08-03T18:51:37.167Z
183,NorthernFiles,2,7,4,2023-08-03T21:40:06.511Z
183,UberPendragon,1,7,4,2023-08-03T21:28:46.542Z
184,SeaOfHackerz,6,5,7,2023-08-03T16:38:51.493Z
184,ArcaneLink,1,6,4,2023-08-03T20:48:51.640Z
184,MaScroll-1,1,4,4,2023-08-03T19:59:31.558Z
184,MaScroll-2,1,6,6,2023-08-03T18:51:37.167Z
184,NorthernFiles,2,6,4,2023-08-03T21:40:06.511Z
184,UberPendragon,1,7,4,2023-08-03T21:28:46.542Z
185,SeaOfHackerz,6,5,7,2023-08-03T16:38:51.493Z
185,ArcaneLink,1,6,4,2023-08-03T20:48:51.640Z
185,MaScroll-1,1,4,4,2023-08-03T19:59:31.558Z
185,MaScroll-2,1,6,6,2023-08-03T18:51:37.167Z
185,NorthernFiles,2,6,4,2023-08-03T21:40:06.511Z
185,UberPendragon,1,7,4,2023-08-03T21:28:46.542Z
186,SeaOfHackerz,6,5,7,2023-08-03T16:38:51.493Z
186,ArcaneLink,2,5,4,2023-08-03T20:48:51.640Z
186,MaScroll-1,1,4,4,2023-08-03T19:59:31.558Z
186,MaScroll-2,1,6,6,2023-08-03T18:51:37.167Z
186,NorthernFiles,2,6,4,2023-08-03T21:40:06.511Z
186,UberPendragon,1,6,4,2023-08-03T21:28:46.542Z
187,SeaOfHackerz,6,5,7,2023-08-03T16:38:51.493Z
187,ArcaneLink,1,6,4,2023-08-03T20:48:51.640Z
187,MaScroll-1,1,4,4,2023-08-03T19:59:31.558Z
187,MaScroll-2,1,6,6,2023-08-03T18:51:37.167Z
187,NorthernFiles,2,7,4,2023-08-03T21:40:06.511Z
187,UberPendragon,1,7,4,2023-08-03T21:28:46.542Z
188,SeaOfHackerz,6,5,7,2023-08-03T16:38:51.493Z
188,ArcaneLink,1,6,4,2023-08-03T20:48:51.640Z
188,MaScroll-1,1,4,4,2023-08-03T19:59:31.558Z
188,MaScroll-2,1,6,6,2023-08-03T18:51:37.167Z
188,NorthernFiles,2,6,4,2023-08-03T21:40:06.511Z
188,UberPendragon,1,7,4,2023-08-03T21:28:46.542Z
189,SeaOfHackerz,5,5,7,2023-08-03T16:38:51.493Z
189,ArcaneLink,1,5,4,2023-08-03T20:48:51.640Z
189,MaScroll-1,1,4,4,2023-08-03T19:59:31.558Z
189,MaScroll-2,1,6,6,2023-08-03T18:51:37.167Z
189,NorthernFiles,2,6,4,2023-08-03T21:40:06.511Z
189,UberPendragon,1,7,4,2023-08-03T21:28:46.542Z
190,SeaOfHackerz,6,5,7,2023-08-03T16:38:51.493Z
190,ArcaneLink,1,5,4,2023-08-03T20:48:51.640Z
190,MaScroll-1,1,4,4,2023-08-03T19:59:31.558Z
190,MaScroll-2,1,5,6,2023-08-03T18:51:37.167Z
190,NorthernFiles,1,5,4,2023-08-03T21:40:06.511Z
190,UberPendragon,1,6,4,2023-08-03T21:28:46.542Z
191,SeaOfHackerz,6,5,7,2023-08-03T16:38:51.493Z
191,ArcaneLink,1,5,4,2023-08-03T20:48:51.640Z
191,MaScroll-1,1,4,4,2023-08-03T19:59:31.558Z
191,MaScroll-2,1,4,6,2023-08-03T18:51:37.167Z
191,NorthernFiles,1,5,4,2023-08-03T21:40:06.511Z
191,UberPendragon,1,6,4,2023-08-03T21:28:46.542Z
192,SeaOfHackerz,6,5,7,2023-08-03T16:38:51.493Z
192,ArcaneLink,3,7,4,2023-08-03T20:48:51.640Z
192,MaScroll-1,1,4,4,2023-08-03T19:59:31.558Z
192,MaScroll-2,1,4,6,2023-08-03T18:51:37.167Z
192,NorthernFiles,2,5,4,2023-08-03T21:40:06.511Z
192,UberPendragon,1,6,4,2023-08-03T21:28:46.542Z
193,SeaOfHackerz,6,5,7,2023-08-03T16:38:51.493Z
193,ArcaneLink,2,6,4,2023-08-03T20:48:51.640Z
193,MaScroll-1,1,4,4,2023-08-03T19:59:31.558Z
193,MaScroll-2,1,4,6,2023-08-03T18:51:37.167Z
193,NorthernFiles,1,5,4,2023-08-03T21:40:06.511Z
193,UberPendragon,1,7,4,2023-08-03T21:28:46.542Z
194,SeaOfHackerz,6,5,7,2023-08-03T16:38:51.493Z
194,ArcaneLink,4,8,4,2023-08-03T20:48:51.640Z
194,MaScroll-1,1,4,4,2023-08-03T19:59:31.558Z
194,MaScroll-2,1,4,6,2023-08-03T18:51:37.167Z
194,NorthernFiles,2,6,4,2023-08-03T21:40:06.511Z
194,UberPendragon,1,7,4,2023-08-03T21:28:46.542Z
195,SeaOfHackerz,6,4,7,2023-08-03T16:38:51.493Z
195,ArcaneLink,4,8,4,2023-08-03T20:48:51.640Z
195,MaScroll-1,1,4,4,2023-08-03T19:59:31.558Z
195,MaScroll-2,1,4,6,2023-08-03T18:51:37.167Z
195,NorthernFiles,2,6,4,2023-08-03T21:40:06.511Z
195,UberPendragon,1,7,4,2023-08-03T21:28:46.542Z
196,SeaOfHackerz,6,5,7,2023-08-03T16:38:51.493Z
196,ArcaneLink,3,9,4,2023-08-03T20:48:51.640Z
196,MaScroll-1,1,4,4,2023-08-03T19:59:31.558Z
196,MaScroll-2,1,4,6,2023-08-03T18:51:37.167Z
196,NorthernFiles,2,6,4,2023-08-03T21:40:06.511Z
196,UberPendragon,1,7,4,2023-08-03T21:28:46.542Z
197,SeaOfHackerz,6,5,7,2023-08-03T16:38:51.493Z
197,ArcaneLink,2,7,4,2023-08-03T20:48:51.640Z
197,MaScroll-1,1,4,4,2023-08-03T19:59:31.558Z
197,MaScroll-2,1,4,6,2023-08-03T18:51:37.167Z
197,NorthernFiles,2,5,4,2023-08-03T21:40:06.511Z
197,UberPendragon,1,7,4,2023-08-03T21:28:46.542Z
198,SeaOfHackerz,5,5,7,2023-08-03T16:38:51.493Z
198,ArcaneLink,4,7,4,2023-08-03T20:48:51.640Z
198,MaScroll-1,1,4,4,2023-08-03T19:59:31.558Z
198,MaScroll-2,1,5,6,2023-08-03T18:51:37.167Z
198,NorthernFiles,2,6,4,2023-08-03T21:40:06.511Z
198,UberPendragon,1,7,4,2023-08-03T21:28:46.542Z
199,SeaOfHackerz,6,5,7,2023-08-03T16:38:51.493Z
199,ArcaneLink,4,8,4,2023-08-03T20:48:51.640Z
199,MaScroll-1,1,4,4,2023-08-03T19:59:31.558Z
199,MaScroll-2,4,6,6,2023-08-03T18:51:37.167Z
199,NorthernFiles,3,6,4,2023-08-03T21:40:06.511Z
199,UberPendragon,1,8,4,2023-08-03T21:28:46.542Z
200,SeaOfHackerz,6,5,7,2023-08-03T16:38:51.493Z
200,ArcaneLink,4,8,4,2023-08-03T20:48:51.640Z
200,MaScroll-1,1,4,4,2023-08-03T19:59:31.558Z
200,MaScroll-2,4,7,6,2023-08-03T18:51:37.167Z
200,NorthernFiles,3,6,4,2023-08-03T21:40:06.511Z
200,UberPendragon,1,7,4,2023-08-03T21:28:46.542Z
201,SeaOfHackerz,6,5,7,2023-08-03T16:38:51.493Z
201,ArcaneLink,4,7,4,2023-08-03T20:48:51.640Z
201,MaScroll-1,1,4,4,2023-08-03T19:59:31.558Z
201,MaScroll-2,4,7,6,2023-08-03T18:51:37.167Z
201,NorthernFiles,3,7,4,2023-08-03T21:40:06.511Z
201,UberPendragon,1,7,4,2023-08-03T21:28:46.542Z
202,SeaOfHackerz,6,5,7,2023-08-03T16:38:51.493Z
202,ArcaneLink,4,8,4,2023-08-03T20:48:51.640Z
202,MaScroll-1,1,4,4,2023-08-03T19:59:31.558Z
202,MaScroll-2,3,7,6,2023-08-03T18:51:37.167Z
202,NorthernFiles,3,7,4,2023-08-03T21:40:06.511Z
202,UberPendragon,1,7,4,2023-08-03T21:28:46.542Z
203,SeaOfHackerz,6,5,7,2023-08-03T16:38:51.493Z
203,ArcaneLink,4,8,4,2023-08-03T20:48:51.640Z
203,MaScroll-1,1,4,4,2023-08-03T19:59:31.558Z
203,MaScroll-2,4,7,6,2023-08-03T18:51:37.167Z
203,NorthernFiles,2,6,4,2023-08-03T21:40:06.511Z
203,UberPendragon,1,7,4,2023-08-03T21:28:46.542Z
204,SeaOfHackerz,6,5,7,2023-08-03T16:38:51.493Z
204,ArcaneLink,4,7,4,2023-08-03T20:48:51.640Z
204,MaScroll-1,2,5,4,2023-08-03T19:59:31.558Z
204,MaScroll-2,4,6,6,2023-08-03T18:51:37.167Z
204,NorthernFiles,3,7,4,2023-08-03T21:40:06.511Z
204,UberPendragon,1,7,4,2023-08-03T21:28:46.542Z
205,SeaOfHackerz,6,5,7,2023-08-03T16:38:51.493Z
205,ArcaneLink,3,7,4,2023-08-03T20:48:51.640Z
205,MaScroll-1,2,5,4,2023-08-03T19:59:31.558Z
205,MaScroll-2,3,5,6,2023-08-03T18:51:37.167Z
205,NorthernFiles,3,7,4,2023-08-03T21:40:06.511Z
205,UberPendragon,1,7,4,2023-08-03T21:28:46.542Z
206,SeaOfHackerz,6,5,7,2023-08-03T16:38:51.493Z
206,ArcaneLink,4,7,4,2023-08-03T20:48:51.640Z
206,MaScroll-1,2,5,4,2023-08-03T19:59:31.558Z
206,MaScroll-2,4,6,6,2023-08-03T18:51:37.167Z
206,NorthernFiles,3,7,4,2023-08-03T21:40:06.511Z
206,UberPendragon,1,6,4,2023-08-03T21:28:46.542Z
207,SeaOfHackerz,5,5,7,2023-08-03T16:38:51.493Z
207,ArcaneLink,4,7,4,2023-08-03T20:48:51.640Z
207,MaScroll-1,2,5,4,2023-08-03T19:59:31.558Z
207,MaScroll-2,4,6,6,2023-08-03T18:51:37.167Z
207,NorthernFiles,2,6,4,2023-08-03T21:40:06.511Z
207,UberPendragon,1,6,4,2023-08-03T21:28:46.542Z
208,SeaOfHackerz,5,5,7,2023-08-03T16:38:51.493Z
208,ArcaneLink,3,7,4,2023-08-03T20:48:51.640Z
208,MaScroll-1,1,5,4,2023-08-03T19:59:31.558Z
208,MaScroll-2,4,6,6,2023-08-03T18:51:37.167Z
208,NorthernFiles,2,7,4,2023-08-03T21:40:06.511Z
208,UberPendragon,1,6,4,2023-08-03T21:28:46.542Z
209,SeaOfHackerz,6,5,7,2023-08-03T16:38:51.493Z
209,ArcaneLink,3,8,4,2023-08-03T20:48:51.640Z
209,MaScroll-1,2,5,4,2023-08-03T19:59:31.558Z
209,MaScroll-2,4,6,6,2023-08-03T18:51:37.167Z
209,NorthernFiles,3,6,4,2023-08-03T21:40:06.511Z
209,UberPendragon,2,7,4,2023-08-03T21:28:46.542Z
210,SeaOfHackerz,5,5,7,2023-08-03T16:38:51.493Z
210,ArcaneLink,3,8,4,2023-08-03T20:48:51.640Z
210,MaScroll-1,1,5,4,2023-08-03T19:59:31.558Z
210,MaScroll-2,4,6,6,2023-08-03T18:51:37.167Z
210,NorthernFiles,3,6,4,2023-08-03T21:40:06.511Z
210,UberPendragon,1,7,4,2023-08-03T21:28:46.542Z
211,SeaOfHackerz,6,5,7,2023-08-03T16:38:51.493Z
211,ArcaneLink,3,7,4,2023-08-03T20:48:51.640Z
211,MaScroll-1,2,5,4,2023-08-03T19:59:31.558Z
211,MaScroll-2,4,6,6,2023-08-03T18:51:37.167Z
211,NorthernFiles,3,6,4,2023-08-03T21:40:06.511Z
211,UberPendragon,2,7,4,2023-08-03T21:28:46.542Z
212,SeaOfHackerz,6,5,7,2023-08-03T16:38:51.493Z
212,ArcaneLink,4,7,4,2023-08-03T20:48:51.640Z
212,MaScroll-1,2,5,4,2023-08-03T19:59:31.558Z
212,MaScroll-2,4,6,6,2023-08-03T18:51:37.167Z
212,NorthernFiles,4,6,4,2023-08-03T21:40:06.511Z
212,UberPendragon,2,8,4,2023-08-03T21:28:46.542Z
213,SeaOfHackerz,6,5,7,2023-08-03T16:38:51.493Z
213,ArcaneLink,4,9,4,2023-08-03T20:48:51.640Z
213,MaScroll-1,3,5,4,2023-08-03T19:59:31.558Z
213,MaScroll-2,4,6,6,2023-08-03T18:51:37.167Z
213,NorthernFiles,3,6,4,2023-08-03T21:40:06.511Z
213,UberPendragon,2,9,4,2023-08-03T21:28:46.542Z
214,SeaOfHackerz,6,5,7,2023-08-03T16:38:51.493Z
214,ArcaneLink,3,8,4,2023-08-03T20:48:51.640Z
214,MaScroll-1,2,5,4,2023-08-03T19:59:31.558Z
214,MaScroll-2,4,6,6,2023-08-03T18:51:37.167Z
214,NorthernFiles,3,5,4,2023-08-03T21:40:06.511Z
214,UberPendragon,2,9,4,2023-08-03T21:28:46.542Z
215,SeaOfHackerz,5,5,7,2023-08-03T16:38:51.493Z
215,ArcaneLink,3,8,4,2023-08-03T20:48:51.640Z
215,MaScroll-1,2,5,4,2023-08-03T19:59:31.558Z
215,MaScroll-2,4,6,6,2023-08-03T18:51:37.167Z
215,NorthernFiles,4,6,4,2023-08-03T21:40:06.511Z
215,UberPendragon,2,9,4,2023-08-03T21:28:46.542Z
216,SeaOfHackerz,6,5,7,2023-08-03T16:38:51.493Z
216,ArcaneLink,3,7,4,2023-08-03T20:48:51.640Z
216,MaScroll-1,2,4,4,2023-08-03T19:59:31.558Z
216,MaScroll-2,4,6,6,2023-08-03T18:51:37.167Z
216,NorthernFiles,3,6,4,2023-08-03T21:40:06.511Z
216,UberPendragon,1,7,4,2023-08-03T21:28:46.542Z
217,SeaOfHackerz,6,5,7,2023-08-03T16:38:51.493Z
217,ArcaneLink,3,8,4,2023-08-03T20:48:51.640Z
217,MaScroll-1,2,5,4,2023-08-03T19:59:31.558Z
217,MaScroll-2,3,6,6,2023-08-03T18:51:37.167Z
217,NorthernFiles,3,6,4,2023-08-03T21:40:06.511Z
217,UberPendragon,2,9,4,2023-08-03T21:28:46.542Z
218,SeaOfHackerz,6,5,7,2023-08-03T16:38:51.493Z
218,ArcaneLink,4,7,4,2023-08-03T20:48:51.640Z
218,MaScroll-1,2,5,4,2023-08-03T19:59:31.558Z
218,MaScroll-2,4,6,6,2023-08-03T18:51:37.167Z
218,NorthernFiles,4,6,4,2023-08-03T21:40:06.511Z
218,UberPendragon,2,9,4,2023-08-03T21:28:46.542Z
219,SeaOfHackerz,6,5,7,2023-08-03T16:38:51.493Z
219,ArcaneLink,3,7,4,2023-08-03T20:48:51.640Z
219,MaScroll-1,3,5,4,2023-08-03T19:59:31.558Z
219,MaScroll-2,4,5,6,2023-08-03T18:51:37.167Z
219,NorthernFiles,4,6,4,2023-08-03T21:40:06.511Z
219,UberPendragon,2,8,4,2023-08-03T21:28:46.542Z
220,SeaOfHackerz,6,5,7,2023-08-03T16:38:51.493Z
220,ArcaneLink,3,7,4,2023-08-03T20:48:51.640Z
220,MaScroll-1,2,4,4,2023-08-03T19:59:31.558Z
220,MaScroll-2,4,5,6,2023-08-03T18:51:37.167Z
220,NorthernFiles,4,6,4,2023-08-03T21:40:06.511Z
220,UberPendragon,2,8,4,2023-08-03T21:28:46.542Z
221,SeaOfHackerz,6,5,7,2023-08-03T16:38:51.493Z
221,ArcaneLink,4,5,4,2023-08-03T20:48:51.640Z
221,MaScroll-1,2,5,4,2023-08-03T19:59:31.558Z
221,MaScroll-2,4,5,6,2023-08-03T18:51:37.167Z
221,NorthernFiles,4,6,4,2023-08-03T21:40:06.511Z
221,UberPendragon,2,9,4,2023-08-03T21:28:46.542Z
222,SeaOfHackerz,6,5,7,2023-08-03T16:38:51.493Z
222,ArcaneLink,3,7,4,2023-08-03T20:48:51.640Z
222,MaScroll-1,2,5,4,2023-08-03T19:59:31.558Z
222,MaScroll-2,4,7,6,2023-08-03T18:51:37.167Z
222,NorthernFiles,3,6,4,2023-08-03T21:40:06.511Z
222,UberPendragon,2,8,4,2023-08-03T21:28:46.542Z
223,SeaOfHackerz,6,5,7,2023-08-03T16:38:51.493Z
223,ArcaneLink,4,7,4,2023-08-03T20:48:51.640Z
223,MaScroll-1,3,5,4,2023-08-03T19:59:31.558Z
223,MaScroll-2,4,6,6,2023-08-03T18:51:37.167Z
223,NorthernFiles,4,5,4,2023-08-03T21:40:06.511Z
223,UberPendragon,2,7,4,2023-08-03T21:28:46.542Z
224,SeaOfHackerz,6,5,7,2023-08-03T16:38:51.493Z
224,ArcaneLink,3,6,4,2023-08-03T20:48:51.640Z
224,MaScroll-1,3,5,4,2023-08-03T19:59:31.558Z
224,MaScroll-2,4,6,6,2023-08-03T18:51:37.167Z
224,NorthernFiles,3,5,4,2023-08-03T21:40:06.511Z
224,UberPendragon,2,8,4,2023-08-03T21:28:46.542Z
225,SeaOfHackerz,5,5,7,2023-08-03T16:38:51.493Z
225,ArcaneLink,4,6,4,2023-08-03T20:48:51.640Z
225,MaScroll-1,3,4,4,2023-08-03T19:59:31.558Z
225,MaScroll-2,4,6,6,2023-08-03T18:51:37.167Z
225,NorthernFiles,3,5,4,2023-08-03T21:40:06.511Z
225,UberPendragon,2,8,4,2023-08-03T21:28:46.542Z
226,SeaOfHackerz,6,5,7,2023-08-03T16:38:51.493Z
226,ArcaneLink,4,5,4,2023-08-03T20:48:51.640Z
226,MaScroll-1,2,4,4,2023-08-03T19:59:31.558Z
226,MaScroll-2,4,6,6,2023-08-03T18:51:37.167Z
226,NorthernFiles,4,5,4,2023-08-03T21:40:06.511Z
226,UberPendragon,2,8,4,2023-08-03T21:28:46.542Z
227,SeaOfHackerz,6,5,7,2023-08-03T16:38:51.493Z
227,ArcaneLink,4,6,4,2023-08-03T20:48:51.640Z
227,MaScroll-1,2,4,4,2023-08-03T19:59:31.558Z
227,MaScroll-2,5,6,6,2023-08-03T18:51:37.167Z
227,NorthernFiles,4,5,4,2023-08-03T21:40:06.511Z
227,UberPendragon,2,7,4,2023-08-03T21:28:46.542Z
228,SeaOfHackerz,6,5,7,2023-08-03T16:38:51.493Z
228,ArcaneLink,4,5,4,2023-08-03T20:48:51.640Z
228,MaScroll-1,3,4,4,2023-08-03T19:59:31.558Z
228,MaScroll-2,5,6,6,2023-08-03T18:51:37.167Z
228,NorthernFiles,4,6,4,2023-08-03T21:40:06.511Z
228,UberPendragon,2,8,4,2023-08-03T21:28:46.542Z
229,SeaOfHackerz,5,5,7,2023-08-03T16:38:51.493Z
229,ArcaneLink,4,7,4,2023-08-03T20:48:51.640Z
229,MaScroll-1,2,4,4,2023-08-03T19:59:31.558Z
229,MaScroll-2,4,5,6,2023-08-03T18:51:37.167Z
229,NorthernFiles,3,5,4,2023-08-03T21:40:06.511Z
229,UberPendragon,2,8,4,2023-08-03T21:28:46.542Z
230,SeaOfHackerz,6,5,7,2023-08-03T16:38:51.493Z
230,ArcaneLink,4,5,4,2023-08-03T20:48:51.640Z
230,MaScroll-1,3,4,4,2023-08-03T19:59:31.558Z
230,MaScroll-2,4,5,6,2023-08-03T18:51:37.167Z
230,NorthernFiles,3,5,4,2023-08-03T21:40:06.511Z
230,UberPendragon,2,8,4,2023-08-03T21:28:46.542Z
231,SeaOfHackerz,6,5,7,2023-08-03T16:38:51.493Z
231,ArcaneLink,4,6,4,2023-08-03T20:48:51.640Z
231,MaScroll-1,2,4,4,2023-08-03T19:59:31.558Z
231,MaScroll-2,4,4,6,2023-08-03T18:51:37.167Z
231,NorthernFiles,3,5,4,2023-08-03T21:40:06.511Z
231,UberPendragon,2,7,4,2023-08-03T21:28:46.542Z
232,SeaOfHackerz,5,5,7,2023-08-03T16:38:51.493Z
232,ArcaneLink,4,4,4,2023-08-03T20:48:51.640Z
232,MaScroll-1,2,3,4,2023-08-03T19:59:31.558Z
232,MaScroll-2,4,4,6,2023-08-03T18:51:37.167Z
232,NorthernFiles,3,5,4,2023-08-03T21:40:06.511Z
232,UberPendragon,2,8,4,2023-08-03T21:28:46.542Z
233,SeaOfHackerz,6,5,7,2023-08-03T16:38:51.493Z
233,ArcaneLink,4,6,4,2023-08-03T20:48:51.640Z
233,MaScroll-1,2,4,4,2023-08-03T19:59:31.558Z
233,MaScroll-2,4,4,6,2023-08-03T18:51:37.167Z
233,NorthernFiles,3,5,4,2023-08-03T21:40:06.511Z
233,UberPendragon,2,8,4,2023-08-03T21:28:46.542Z
234,SeaOfHackerz,5,5,7,2023-08-03T16:38:51.493Z
234,ArcaneLink,3,5,4,2023-08-03T20:48:51.640Z
234,MaScroll-1,3,4,4,2023-08-03T19:59:31.558Z
234,MaScroll-2,5,5,6,2023-08-03T18:51:37.167Z
234,NorthernFiles,4,5,4,2023-08-03T21:40:06.511Z
234,UberPendragon,1,7,4,2023-08-03T21:28:46.542Z
235,SeaOfHackerz,6,5,7,2023-08-03T16:38:51.493Z
235,ArcaneLink,4,7,4,2023-08-03T20:48:51.640Z
235,MaScroll-1,2,4,4,2023-08-03T19:59:31.558Z
235,MaScroll-2,4,4,6,2023-08-03T18:51:37.167Z
235,NorthernFiles,4,5,4,2023-08-03T21:40:06.511Z
235,UberPendragon,2,8,4,2023-08-03T21:28:46.542Z
236,SeaOfHackerz,5,5,7,2023-08-03T16:38:51.493Z
236,ArcaneLink,4,6,4,2023-08-03T20:48:51.640Z
236,MaScroll-1,2,3,4,2023-08-03T19:59:31.558Z
236,MaScroll-2,4,5,6,2023-08-03T18:51:37.167Z
236,NorthernFiles,3,5,4,2023-08-03T21:40:06.511Z
236,UberPendragon,2,8,4,2023-08-03T21:28:46.542Z
237,SeaOfHackerz,5,5,7,2023-08-03T16:38:51.493Z
237,ArcaneLink,4,7,4,2023-08-03T20:48:51.640Z
237,MaScroll-1,2,5,4,2023-08-03T19:59:31.558Z
237,MaScroll-2,4,5,6,2023-08-03T18:51:37.167Z
237,NorthernFiles,3,5,4,2023-08-03T21:40:06.511Z
237,UberPendragon,2,8,4,2023-08-03T21:28:46.542Z
238,SeaOfHackerz,6,5,7,2023-08-03T16:38:51.493Z
238,ArcaneLink,4,7,4,2023-08-03T20:48:51.640Z
238,MaScroll-1,2,5,4,2023-08-03T19:59:31.558Z
238,MaScroll-2,4,5,6,2023-08-03T18:51:37.167Z
238,NorthernFiles,4,5,4,2023-08-03T21:40:06.511Z
238,UberPendragon,2,8,4,2023-08-03T21:28:46.542Z
239,SeaOfHackerz,6,5,7,2023-08-03T16:38:51.493Z
239,ArcaneLink,4,6,4,2023-08-03T20:48:51.640Z
239,MaScroll-1,3,5,4,2023-08-03T19:59:31.558Z
239,MaScroll-2,5,6,6,2023-08-03T18:51:37.167Z
239,NorthernFiles,5,5,4,2023-08-03T21:40:06.511Z
239,UberPendragon,2,8,4,2023-08-03T21:28:46.542Z
240,SeaOfHackerz,6,5,7,2023-08-03T16:38:51.493Z
240,ArcaneLink,4,6,4,2023-08-03T20:48:51.640Z
240,MaScroll-1,2,4,4,2023-08-03T19:59:31.558Z
240,MaScroll-2,5,5,6,2023-08-03T18:51:37.167Z
240,NorthernFiles,4,5,4,2023-08-03T21:40:06.511Z
240,UberPendragon,2,8,4,2023-08-03T21:28:46.542Z
241,SeaOfHackerz,6,5,7,2023-08-03T16:38:51.493Z
241,ArcaneLink,4,7,4,2023-08-03T20:48:51.640Z
241,MaScroll-1,3,4,4,2023-08-03T19:59:31.558Z
241,MaScroll-2,4,5,6,2023-08-03T18:51:37.167Z
241,NorthernFiles,4,5,4,2023-08-03T21:40:06.511Z
241,UberPendragon,2,8,4,2023-08-03T21:28:46.542Z
242,SeaOfHackerz,6,5,7,2023-08-03T16:38:51.493Z
242,ArcaneLink,5,6,4,2023-08-03T20:48:51.640Z
242,MaScroll-1,3,4,4,2023-08-03T19:59:31.558Z
242,MaScroll-2,4,5,6,2023-08-03T18:51:37.167Z
242,NorthernFiles,3,5,4,2023-08-03T21:40:06.511Z
242,UberPendragon,2,8,4,2023-08-03T21:28:46.542Z
243,SeaOfHackerz,6,5,7,2023-08-03T16:38:51.493Z
243,ArcaneLink,4,7,4,2023-08-03T20:48:51.640Z
243,MaScroll-1,3,4,4,2023-08-03T19:59:31.558Z
243,MaScroll-2,4,5,6,2023-08-03T18:51:37.167Z
243,NorthernFiles,5,5,4,2023-08-03T21:40:06.511Z
243,UberPendragon,2,8,4,2023-08-03T21:28:46.542Z
244,SeaOfHackerz,5,5,7,2023-08-03T16:38:51.493Z
244,ArcaneLink,4,7,4,2023-08-03T20:48:51.640Z
244,MaScroll-1,4,4,4,2023-08-03T19:59:31.558Z
244,MaScroll-2,5,5,6,2023-08-03T18:51:37.167Z
244,NorthernFiles,5,5,4,2023-08-03T21:40:06.511Z
244,UberPendragon,2,8,4,2023-08-03T21:28:46.542Z
245,SeaOfHackerz,5,5,7,2023-08-03T16:38:51.493Z
245,ArcaneLink,4,7,4,2023-08-03T20:48:51.640Z
245,MaScroll-1,3,4,4,2023-08-03T19:59:31.558Z
245,MaScroll-2,5,5,6,2023-08-03T18:51:37.167Z
245,NorthernFiles,3,5,4,2023-08-03T21:40:06.511Z
245,UberPendragon,2,8,4,2023-08-03T21:28:46.542Z
246,SeaOfHackerz,5,5,7,2023-08-03T16:38:51.493Z
246,ArcaneLink,4,7,4,2023-08-03T20:48:51.640Z
246,MaScroll-1,4,4,4,2023-08-03T19:59:31.558Z
246,MaScroll-2,4,5,6,2023-08-03T18:51:37.167Z
246,NorthernFiles,4,5,4,2023-08-03T21:40:06.511Z
246,UberPendragon,2,8,4,2023-08-03T21:28:46.542Z
247,SeaOfHackerz,6,5,7,2023-08-03T16:38:51.493Z
247,ArcaneLink,4,8,4,2023-08-03T20:48:51.640Z
247,MaScroll-1,3,4,4,2023-08-03T19:59:31.558Z
247,MaScroll-2,4,5,6,2023-08-03T18:51:37.167Z
247,NorthernFiles,5,5,4,2023-08-03T21:40:06.511Z
247,UberPendragon,2,8,4,2023-08-03T21:28:46.542Z
248,SeaOfHackerz,6,5,7,2023-08-03T16:38:51.493Z
248,ArcaneLink,4,8,4,2023-08-03T20:48:51.640Z
248,MaScroll-1,4,4,4,2023-08-03T19:59:31.558Z
248,MaScroll-2,4,4,6,2023-08-03T18:51:37.167Z
248,NorthernFiles,5,5,4,2023-08-03T21:40:06.511Z
248,UberPendragon,2,8,4,2023-08-03T21:28:46.542Z
249,SeaOfHackerz,4,5,7,2023-08-03T16:38:51.493Z
249,ArcaneLink,4,7,4,2023-08-03T20:48:51.640Z
249,MaScroll-1,4,4,4,2023-08-03T19:59:31.558Z
249,MaScroll-2,5,4,6,2023-08-03T18:51:37.167Z
249,NorthernFiles,4,5,4,2023-08-03T21:40:06.511Z
249,UberPendragon,2,8,4,2023-08-03T21:28:46.542Z
250,SeaOfHackerz,6,5,7,2023-08-03T16:38:51.493Z
250,ArcaneLink,4,5,4,2023-08-03T20:48:51.640Z
250,MaScroll-1,3,4,4,2023-08-03T19:59:31.558Z
250,MaScroll-2,5,5,6,2023-08-03T18:51:37.167Z
250,NorthernFiles,5,5,4,2023-08-03T21:40:06.511Z
250,UberPendragon,2,8,4,2023-08-03T21:28:46.542Z
251,SeaOfHackerz,6,5,7,2023-08-03T16:38:51.493Z
251,ArcaneLink,4,6,4,2023-08-03T20:48:51.640Z
251,MaScroll-1,4,4,4,2023-08-03T19:59:31.558Z
251,MaScroll-2,4,4,6,2023-08-03T18:51:37.167Z
251,NorthernFiles,4,5,4,2023-08-03T21:40:06.511Z
251,UberPendragon,2,8,4,2023-08-03T21:28:46.542Z
252,SeaOfHackerz,6,5,7,2023-08-03T16:38:51.493Z
252,ArcaneLink,4,7,4,2023-08-03T20:48:51.640Z
252,MaScroll-1,3,4,4,2023-08-03T19:59:31.558Z
252,MaScroll-2,4,4,6,2023-08-03T18:51:37.167Z
252,NorthernFiles,5,5,4,2023-08-03T21:40:06.511Z
252,UberPendragon,2,8,4,2023-08-03T21:28:46.542Z
253,SeaOfHackerz,6,5,7,2023-08-03T16:38:51.493Z
253,ArcaneLink,4,9,4,2023-08-03T20:48:51.640Z
253,MaScroll-1,4,4,4,2023-08-03T19:59:31.558Z
253,MaScroll-2,4,4,6,2023-08-03T18:51:37.167Z
253,NorthernFiles,4,5,4,2023-08-03T21:40:06.511Z
253,UberPendragon,2,8,4,2023-08-03T21:28:46.542Z
254,SeaOfHackerz,5,5,7,2023-08-03T16:38:51.493Z
254,ArcaneLink,4,7,4,2023-08-03T20:48:51.640Z
254,MaScroll-1,3,4,4,2023-08-03T19:59:31.558Z
254,MaScroll-2,5,5,6,2023-08-03T18:51:37.167Z
254,NorthernFiles,4,5,4,2023-08-03T21:40:06.511Z
254,UberPendragon,2,8,4,2023-08-03T21:28:46.542Z
255,SeaOfHackerz,5,5,7,2023-08-03T16:38:51.493Z
255,ArcaneLink,4,6,4,2023-08-03T20:48:51.640Z
255,MaScroll-1,4,4,4,2023-08-03T19:59:31.558Z
255,MaScroll-2,5,5,6,2023-08-03T18:51:37.167Z
255,NorthernFiles,5,5,4,2023-08-03T21:40:06.511Z
255,UberPendragon,2,8,4,2023-08-03T21:28:46.542Z
256,SeaOfHackerz,6,5,7,2023-08-03T16:38:51.493Z
256,ArcaneLink,4,7,4,2023-08-03T20:48:51.640Z
256,MaScroll-1,3,5,4,2023-08-03T19:59:31.558Z
256,MaScroll-2,4,5,6,2023-08-03T18:51:37.167Z
256,NorthernFiles,6,5,4,2023-08-03T21:40:06.511Z
256,UberPendragon,3,8,4,2023-08-03T21:28:46.542Z
257,SeaOfHackerz,6,5,7,2023-08-03T16:38:51.493Z
257,ArcaneLink,4,8,4,2023-08-03T20:48:51.640Z
257,MaScroll-1,4,5,4,2023-08-03T19:59:31.558Z
257,MaScroll-2,3,5,6,2023-08-03T18:51:37.167Z
257,NorthernFiles,5,5,4,2023-08-03T21:40:06.511Z
257,UberPendragon,2,8,4,2023-08-03T21:28:46.542Z
258,SeaOfHackerz,6,5,7,2023-08-03T16:38:51.493Z
258,ArcaneLink,4,8,4,2023-08-03T20:48:51.640Z
258,MaScroll-1,4,4,4,2023-08-03T19:59:31.558Z
258,MaScroll-2,4,4,6,2023-08-03T18:51:37.167Z
258,NorthernFiles,6,5,4,2023-08-03T21:40:06.511Z
258,UberPendragon,3,9,4,2023-08-03T21:28:46.542Z
259,SeaOfHackerz,6,5,7,2023-08-03T16:38:51.493Z
259,ArcaneLink,4,8,4,2023-08-03T20:48:51.640Z
259,MaScroll-1,4,5,4,2023-08-03T19:59:31.558Z
259,MaScroll-2,5,6,6,2023-08-03T18:51:37.167Z
259,NorthernFiles,5,5,4,2023-08-03T21:40:06.511Z
259,UberPendragon,3,9,4,2023-08-03T21:28:46.542Z
260,SeaOfHackerz,6,5,7,2023-08-03T16:38:51.493Z
260,ArcaneLink,4,8,4,2023-08-03T20:48:51.640Z
260,MaScroll-1,3,5,4,2023-08-03T19:59:31.558Z
260,MaScroll-2,5,7,6,2023-08-03T18:51:37.167Z
260,NorthernFiles,6,5,4,2023-08-03T21:40:06.511Z
260,UberPendragon,3,8,4,2023-08-03T21:28:46.542Z
261,SeaOfHackerz,5,4,7,2023-08-03T16:38:51.493Z
261,ArcaneLink,4,7,4,2023-08-03T20:48:51.640Z
261,MaScroll-1,4,5,4,2023-08-03T19:59:31.558Z
261,MaScroll-2,4,6,6,2023-08-03T18:51:37.167Z
261,NorthernFiles,5,5,4,2023-08-03T21:40:06.511Z
261,UberPendragon,3,9,4,2023-08-03T21:28:46.542Z
262,SeaOfHackerz,6,4,7,2023-08-03T16:38:51.493Z
262,ArcaneLink,4,6,4,2023-08-03T20:48:51.640Z
262,MaScroll-1,3,5,4,2023-08-03T19:59:31.558Z
262,MaScroll-2,5,6,6,2023-08-03T18:51:37.167Z
262,NorthernFiles,6,5,4,2023-08-03T21:40:06.511Z
262,UberPendragon,2,9,4,2023-08-03T21:28:46.542Z
263,SeaOfHackerz,4,5,7,2023-08-03T16:38:51.493Z
263,ArcaneLink,4,7,4,2023-08-03T20:48:51.640Z
263,MaScroll-1,4,7,4,2023-08-03T19:59:31.558Z
263,MaScroll-2,4,6,6,2023-08-03T18:51:37.167Z
263,NorthernFiles,5,5,4,2023-08-03T21:40:06.511Z
263,UberPendragon,3,9,4,2023-08-03T21:28:46.542Z
264,SeaOfHackerz,5,6,7,2023-08-03T16:38:51.493Z
264,ArcaneLink,4,5,4,2023-08-03T20:48:51.640Z
264,MaScroll-1,4,6,4,2023-08-03T19:59:31.558Z
264,MaScroll-2,5,6,6,2023-08-03T18:51:37.167Z
264,NorthernFiles,6,5,4,2023-08-03T21:40:06.511Z
264,UberPendragon,3,8,4,2023-08-03T21:28:46.542Z
265,SeaOfHackerz,4,6,7,2023-08-03T16:38:51.493Z
265,ArcaneLink,4,7,4,2023-08-03T20:48:51.640Z
265,MaScroll-1,3,7,4,2023-08-03T19:59:31.558Z
265,MaScroll-2,5,7,6,2023-08-03T18:51:37.167Z
265,NorthernFiles,5,5,4,2023-08-03T21:40:06.511Z
265,UberPendragon,3,9,4,2023-08-03T21:28:46.542Z
266,SeaOfHackerz,5,6,7,2023-08-03T16:38:51.493Z
266,ArcaneLink,4,7,4,2023-08-03T20:48:51.640Z
266,MaScroll-1,3,7,4,2023-08-03T19:59:31.558Z
266,MaScroll-2,5,6,6,2023-08-03T18:51:37.167Z
266,NorthernFiles,6,5,4,2023-08-03T21:40:06.511Z
266,UberPendragon,3,8,4,2023-08-03T21:28:46.542Z
267,SeaOfHackerz,5,5,7,2023-08-03T16:38:51.493Z
267,ArcaneLink,4,5,4,2023-08-03T20:48:51.640Z
267,MaScroll-1,4,8,4,2023-08-03T19:59:31.558Z
267,MaScroll-2,5,7,6,2023-08-03T18:51:37.167Z
267,NorthernFiles,5,5,4,2023-08-03T21:40:06.511Z
267,UberPendragon,3,7,4,2023-08-03T21:28:46.542Z
268,SeaOfHackerz,5,5,7,2023-08-03T16:38:51.493Z
268,ArcaneLink,4,6,4,2023-08-03T20:48:51.640Z
268,MaScroll-1,3,8,4,2023-08-03T19:59:31.558Z
268,MaScroll-2,4,5,6,2023-08-03T18:51:37.167Z
268,NorthernFiles,6,5,4,2023-08-03T21:40:06.511Z
268,UberPendragon,3,7,4,2023-08-03T21:28:46.542Z
269,SeaOfHackerz,5,5,7,2023-08-03T16:38:51.493Z
269,ArcaneLink,4,6,4,2023-08-03T20:48:51.640Z
269,MaScroll-1,4,7,4,2023-08-03T19:59:31.558Z
269,MaScroll-2,4,5,6,2023-08-03T18:51:37.167Z
269,NorthernFiles,5,5,4,2023-08-03T21:40:06.511Z
269,UberPendragon,3,8,4,2023-08-03T21:28:46.542Z
270,SeaOfHackerz,5,5,7,2023-08-03T16:38:51.493Z
270,ArcaneLink,4,8,4,2023-08-03T20:48:51.640Z
270,MaScroll-1,3,7,4,2023-08-03T19:59:31.558Z
270,MaScroll-2,5,6,6,2023-08-03T18:51:37.167Z
270,NorthernFiles,6,5,4,2023-08-03T21:40:06.511Z
270,UberPendragon,3,8,4,2023-08-03T21:28:46.542Z
